,,,,,,,,,,,,,
نوع الإتصال,تصنيف الإتصال,إسم الإتصال,البلد,رقم الهاتف,نوع العقار,القسم,المنطقه,اسم الإعلان,اسم الناشر,الرقم المرجعى للإعلان,رابط الإعلان,التاريخ,الملاحظات
واتساب,غير مصنف,Rana Sabry,EGYPT,+201091463080,شقق,للبيع,كمبوند سنشري سيتي - فانتدج,"شقة مميزة للبيع في قلب التجمع الخامس في كمبوند سنشري سيتي (Century City) استلام فوري
",,HG-601,https://aqarmap.com.eg/7233479,2026-09-30 15:56:46,N/A
أكبر المسوقين العقاريين,مكرر,نرمين رضا محمد نورالدين,EGYPT,+201152259199,شقق,للإيجار,شارع الدكتور إبراهيم ناجي,N/A,,N/A,N\A,2026-09-30 15:34:14,N/A
اظهار رقم الهاتف,غير مصنف,نرمين رضا محمد نورالدين,EGYPT,1152259199,شقق,للإيجار,شارع الدكتور إبراهيم ناجي,"ستوديو مفروش للايجار مكيفه بالكامل شامل الخدمات في مدينه نصر في المنطقه التاسعه
",,MD-304,https://aqarmap.com.eg/7284626,2026-09-30 15:31:55,N/A
أكبر المسوقين العقاريين,غير مصنف,مى عبد المنعم,EGYPT,+201098184700,شقق,للبيع,كمبوند بريميرا - مدينة مصر,N/A,,N/A,N\A,2026-09-30 15:12:34,N/A
اظهار رقم الهاتف,غير مصنف,محمود جاب الله,EGYPT,1009094217,شقق مفروشة,للإيجار,شارع عبد الجواد سالم,شقة مميزة للايجار المفروش في مدينة نصر مكيفة بالكامل وبها جميع الكماليات والأجهزة وفرش راقي,,HG-614,https://aqarmap.com.eg/7240404,2026-09-30 11:51:19,N/A
واتساب,غير مصنف,ام عبدالرحمن,EGYPT,1044618026,شقق,للإيجار,تاج سلطان - كمبوند تاج سيتي,"شقة للإيجار بالمطبخ و التكيفات تشطيب الترا سوبر لوكس بكومباوند تاج سيتي-التجمع الأول
",,ABM-190,https://aqarmap.com.eg/7221452,2026-09-30 10:44:53,N/A
واتساب,غير مصنف,رضوان,EGYPT,+201132061986,شقق مفروشة,للإيجار,دجلة تاورز - مجموعة المرشدي,"شقه للايجار الترا سوبر لوكس -  مميزه جداااا في كومباوند دجلة تاورز، مدينة نصر
",,AA-257,https://aqarmap.com.eg/7256047,2026-09-29 23:08:16,N/A
واتساب,غير مصنف,رضوان,EGYPT,+201132061986,شقق مفروشة,للإيجار,جاردينيا سيتي,شقة مفروشة للإيجار | ألترا سوبر لوكس | جاردينيا سيتي بجوار تاج سلطان,,MHF_102,https://aqarmap.com.eg/7165619,2026-09-29 23:06:04,N/A
واتساب,غير مصنف,رضوان,EGYPT,+201132061986,شقق مفروشة,للإيجار,شارع الطيران,"شقة مفروشة فندقية للإيجار مدد طويلة – مدينة نصر 
",,MK-28,https://aqarmap.com.eg/7283327,2026-09-29 23:03:45,N/A
أكبر المسوقين العقاريين,غير مصنف,Aalaa,SAUDI ARABIA,+966504611901,شقق,للإيجار,شارع يوسف عباس,N/A,,N/A,N\A,2026-09-29 23:01:50,N/A
واتساب,غير مصنف,رضوان,EGYPT,+201132061986,شقق مفروشة,للإيجار,جاردينيا سيتي,"شقه للايجار  سوبر لوكس -   -  سعر مميزه جداااا فيو ممتاز الفيلات _في جاردينيا سيتي   
",,AA-252,https://aqarmap.com.eg/7255882,2026-09-29 23:01:22,N/A
واتساب,غير مصنف,رضوان,EGYPT,+201132061986,شقق مفروشة,للإيجار,شارع محمد طلعت سالم,شقة مفروشة ومكيفة للايجار في المربع الذهبي مدينة نصر قرب جنينة مول بمدخل واطلالة مميزين جدا,,HG-633,https://aqarmap.com.eg/7267907,2026-09-29 22:59:01,N/A
أكبر المسوقين العقاريين,غير مصنف,عمر مصطفى,,1099097697,شقق,للبيع,مدينة نصر,N/A,,N/A,N\A,2026-09-29 22:50:14,N/A
أكبر المسوقين العقاريين,غير مصنف,N/A,,1020409790,شقق,للبيع,مدينة نصر,N/A,,N/A,N\A,2026-09-29 22:49:07,N/A
أكبر المسوقين العقاريين,غير مصنف,Abdelhameed,EGYPT,1027833366,شقق,للإيجار,الوفاء والأمل,N/A,,N/A,N\A,2026-09-29 20:31:41,N/A
أكبر المسوقين العقاريين,غير مصنف,احمد شندى,EGYPT,+201117753566,شقق,للبيع,شارع حسن المأمون,N/A,,N/A,N\A,2026-09-29 18:59:45,N/A
أكبر المسوقين العقاريين,غير مصنف,محمود عبدالعال محمود,EGYPT,1004890822,كومبوند,مشاريع جديدة,كمبوند لاندمارك - مجموعة المرشدي,N/A,,N/A,N\A,2026-09-29 18:42:15,N/A
واتساب,غير مصنف,محمد صديق,EGYPT,1091050130,شقق,للإيجار,جاردينيا سيتي,"شقة مفروشة مميزة للأيجار جاردينيا – زون 2، خطوات من المول والخدمات
",,BM-277,https://aqarmap.com.eg/7283965,2026-09-29 18:11:43,N/A
أكبر المسوقين العقاريين,غير مصنف,N/A,EGYPT,1102825961,كومبوند,مشاريع جديدة,كمبوند لاندمارك - مجموعة المرشدي,N/A,,N/A,N\A,2026-09-29 18:08:49,N/A
واتساب,غير مصنف,أحمد عبد الحليم,EGYPT,532247583,شقق مفروشة,للإيجار,أمتداد شارع حسن المأمون,"شقه مفروشه للايجار في مدينه نصر امتداد حسن المامون
",,MD-279,https://aqarmap.com.eg/7198921,2026-09-29 17:48:52,N/A
واتساب,غير مصنف,أحمد عبد الحليم,EGYPT,532247583,شقق مفروشة,للإيجار,شارع مكرم عبيد,شقة مفروشة للإيجار خلف السراج مول بمدينة نصر | 120م سوبر لوكس بمدخل خاص وفرش جديد,,MHF_179,https://aqarmap.com.eg/7231185,2026-09-29 17:42:31,N/A
أكبر المسوقين العقاريين,غير مصنف,محمود محمد,EGYPT,+201155277852,شقق,للبيع,شارع محمود تيمور,N/A,,N/A,N\A,2026-09-29 17:19:29,N/A
واتساب,غير مصنف,Niveen,EGYPT,1501573559,شقق,للإيجار,شارع حسن المأمون,شقة للإيجار بشارع حسن المأمون – 320 متر بموقع مميز,,MSH,https://aqarmap.com.eg/7163306,2026-09-29 16:40:11,N/A
واتساب,غير مصنف,Ria,EGYPT,1550612168,شقق,للإيجار,دجلة تاورز - مجموعة المرشدي,شقه للايجار سوبر لوكس مميزه جداااا دجلا لاند مارك   – مدينه نصر,,AA-220,https://aqarmap.com.eg/7173862,2026-09-29 16:14:47,N/A
أكبر المسوقين العقاريين,غير مصنف,عمرو محمد,EGYPT,1031868403,شقق,للإيجار,زهراء مدينة نصر,N/A,,N/A,N\A,2026-09-29 14:07:13,N/A
اظهار رقم الهاتف,غير مصنف,Ahmad,EGYPT,1110868313,دوبلكس,للإيجار,الياسمين 7,دوبلكس للإيجار سكني او إداري نشاط خفيف بمدخل خاص ومساحة خارجية,,EM-1165,https://aqarmap.com.eg/7000269,2026-09-29 13:46:05,N/A
أكبر المسوقين العقاريين,غير مصنف,محمد ابوخرص احمد,EGYPT,1125959739,كومبوند,مشاريع جديدة,كمبوند لاندمارك - مجموعة المرشدي,N/A,,N/A,N\A,2026-09-29 13:42:10,N/A
أكبر المسوقين العقاريين,غير مصنف,Fr.shenouda Raouf,,+201287209922,شقق,للبيع,مصر الجديدة,N/A,,N/A,N\A,2026-09-29 13:30:18,N/A
اظهار رقم الهاتف,غير مصنف,محمد محمود,EGYPT,1090992080,شقق,للإيجار,شارع الجابري,شقة للإيجار أول سكن الترا سوبر لوكس لوكيشن مميز في البنفسج عمارات,,EM-1262,https://aqarmap.com.eg/7253456,2026-09-29 13:24:35,N/A
أكبر المسوقين العقاريين,غير مصنف,Sameh Refaat,EGYPT,+201155991144,N/A,للإيجار,شارع  الفنان نجيب الريحاني,N/A,,N/A,N\A,2026-09-29 13:02:48,N/A
واتساب,غير مصنف,محمد مصطفى,EGYPT,+201116111877,شقق,للإيجار,شارع 5 - حي الواحة,شقه  للايجار فرصه لا تعوض هاي سوبر لوكس كمبوند الواحه فيو– مدينه نصر,,AA-238,https://aqarmap.com.eg/7194871,2026-09-29 10:44:53,N/A
واتساب,غير مصنف,Walid Qasem,EGYPT,+201155528677,شقق مفروشة,للإيجار,شارع دكتور حسن الشريف,"شقه للايجار سوبر لوكس -  مميزه جداااا في المنطقة الثامنة، مدينة نصر
",,AA-254,https://aqarmap.com.eg/7255929,2026-09-29 03:09:12,N/A
أكبر المسوقين العقاريين,غير مصنف,Walid Qasem,EGYPT,1155528677,ستوديو,للإيجار,مدينة نصر,N/A,,N/A,N\A,2026-09-29 02:48:33,N/A
أكبر المسوقين العقاريين,غير مصنف,عثمان محمد علي,EGYPT,1063211496,شقق,للإيجار,طريق النصر,N/A,,N/A,N\A,2026-09-29 00:56:36,N/A
واتساب,غير مصنف,N/A,EGYPT,+201097580485,محل دوبلكس,للإيجار,شارع عماد الدين كامل,محل تجاري للإيجار بالقرب من عباس العقاد | 350م دورين بالتكييفات,,N1147,https://aqarmap.com.eg/7093344,2026-09-29 00:42:52,N/A