التاريخ,رقم العميل,اسم العميل,نوع العقار,اسم الموظف,المدينة
"أكتوبر 01, 2026 1:28 ص",+33695640273,أم نفي ⭐,شقة للايجار,Mohamed Waly,النرجس
"أكتوبر 01, 2026 12:04 ص",+201012404364,Bassant ElSheikh,شقة للايجار,yasmine Mohamed,القرنفل
"سبتمبر 30, 2026 11:45 م",+201226003724,Tourism,شقة للايجار,Waheed Sayed,ارض الجولف
"سبتمبر 30, 2026 11:16 م",+218911229634,.....,شقة للايجار,Menna Hesham,مدينة نصر
"سبتمبر 30, 2026 11:13 م",+212636686603,.,شقة للايجار,Ahmed Askr,مدينة نصر
"سبتمبر 30, 2026 11:03 م",+212636686603,.,شقة للايجار,Donia Magdi,مدينة نصر
"سبتمبر 30, 2026 11:00 م",+212636686603,.,شقة للايجار,Noura Asharaf,مدينة نصر
"سبتمبر 30, 2026 10:55 م",+212636686603,.,شقة للايجار,Mohamed Dawood,مدينة نصر
"سبتمبر 30, 2026 10:49 م",+212636686603,.,شقة للايجار,Mohamed Salah,كومباوند دجله تاورز
"سبتمبر 30, 2026 10:41 م",+201505779656,🌷,شقة للبيع,Noura Asharaf,مدينة نصر
"سبتمبر 30, 2026 10:29 م",+201019285100,ابو طلعت الفلسطيني,شقة للايجار,Menna Hesham,مدينة نصر
"سبتمبر 30, 2026 9:29 م",+201066444396,Yomna Gamaleldin,شقة للبيع,Mohamed Waly,التجمع الخامس
"سبتمبر 30, 2026 9:02 م",+201100315158,Rana H.,شقة للايجار,Ziad Mohamed,البنفسج 2
"سبتمبر 30, 2026 7:32 م",+201001609481,Ashraf Hassan,شقة للبيع,Hoda Mohamed,حي السفارات
"سبتمبر 30, 2026 6:34 م",+967730997111,Faedh,شقة للايجار,Mohamed Dawood,مدينة نصر
"سبتمبر 30, 2026 4:30 م",+201132061986,Jojo,شقة للايجار,Mohamed Salah,كومباوند دجله تاورز
"سبتمبر 30, 2026 3:54 م",+966561969758,Moayad,شقة للايجار,Menna Hesham,مدينة نصر
"سبتمبر 30, 2026 3:34 م",+201091664261,أبو عزير فهيم ابن إسماعيل,شقة للايجار,Nouran Mohamed,مدينة نصر
"سبتمبر 30, 2026 2:28 م",+201026008432,🪬🕯️Rami ElGharbawy🕯️🪬,شقة للايجار,yasmine Mohamed,كومباوند روك فيرا
"سبتمبر 30, 2026 2:21 م",+201033316940,AX,شقة للايجار,Waheed Sayed,ارض الجولف
"سبتمبر 30, 2026 11:35 ص",+923470051488,.,شقة للايجار,Shrouk Yahia,مدينة نصر
"سبتمبر 30, 2026 9:46 ص",+201098866985,Shaimaa Emad,شقة للايجار,Mohamed Waly,كومباوند غرب ارابيلا
"سبتمبر 30, 2026 9:20 ص",+201156145448,Muhammad,شقة للايجار,Waheed Sayed,ارض الجولف
"سبتمبر 30, 2026 7:41 ص",+201201943399,Mariam Fawzy,شقة للبيع,Noura Asharaf,مدينة نصر
"سبتمبر 30, 2026 7:14 ص",+201004028068,Dr Essam,شقة للبيع,Ahmed Safwat,مدينة نصر