channel,sender_name,sender_phone,sender_email,whatsapp_username,lead_type,project_name,developer_name,agent_name,call_talk_time,call_wait_time,call_record_file,listing_reference,created_at,status,tags,enrichment
whatsapp,Hosen Alfetore,+218916724943,,,listing,,,Shrouk Yahia,,,,SY-4036,2026-09-30 12:38:31 +0000 UTC,delivered,,
whatsapp,Abu Fareys~Naqiyuden ~,+966502787287,,,listing,,,Ahmed Askar,,,,AA-0184,2026-09-30 12:29:11 +0000 UTC,delivered,,
call,,+201201444438,,,listing,,,Mahmoud Mehrezy,59,0,https://pf-eg-documents.s3.ap-southeast-1.amazonaws.com/calls/2026/09/30/2238746016cd86c6b11881800bc2fea5.mp3?X-Amz-Algorithm=AWS4-HMAC-SHA256&X-Amz-Credential=ASIAZCUZQZIU4DBRS2PB%2F20260930%2Fap-southeast-1%2Fs3%2Faws4_request&X-Amz-Date=20260930T130048Z&X-Amz-Expires=604800&X-Amz-Security-Token=IQoJb3JpZ2luX2VjEJz%2F%2F%2F%2F%2F%2F%2F%2F%2F%2FwEaDmFwLXNvdXRoZWFzdC0xIkcwRQIhAJHr6v32Yr%2FYwGiXmjFjVtU9Tnwq1GzO5uz%2FZDa9kJm%2BAiAxgWRAaBFiANrVHoVItUoX4cwhiAzWfgvAcrz4ff%2B4AyrDBQhlEAAaDDYyNDE2NTk2NDMyOSIMhZhEzsBe8wugwhIWKqAFFDPcGdFG3vaQGjuBN3Xmr1WPew9fiIR881JRDFoBMFMot%2BXQIqn1kBIEpztjCRf8whicJgVVhdhWkinYo7xu8geX%2F5Ie1kAmbSZxCGVlmFh7y6nhhUI0FzpoAxNTXMxJCR8umQmKSfZO2Az2JhaF8uCBJMHlGMF0Uf8drO0QFa4hczB43OL6ms0TRoMV97yEJd7MTk%2BIyArsxlHZxwKZ1wMkN8MT6JTZuoDhw8syziB0yaY2%2BJzWCr%2FWLcreitePWEEBMf6fMM%2BUCWraJtkX6TNXa5agBnBU32LwwhXQXpMztsloPlpr3oLsn6Jn%2BRy6wsT3gEu5u%2BqMOCeI6ZL8qG2YyGmrJuEUNHUy6SyNaKi4in79uVmYyH95GfiC%2FPsN0XpW8T9axY%2BkgFwuDkqR3QTfWE3tbx1ZdosDnawovRrnC5NXeoV3ULvVJwmaI3bMo%2FkQ%2Bo4ePzy0MQuc10uI7JRsy0e7w7eeapBPwMl%2BJf6eBnjTDINkKrXXLL9%2FsB8YywxFkZGh%2BTyeW1xs7slh5pz9Lk3VSXADFl1FPVaEBmh%2B%2BXTqOv1EEtRgaevqlcHYSLKk6OZ356TR3bIrAf9WW3kUFzrujr%2FR9Qz7kpCsgq5uHaSCkIl9Dyit3oBOp1gn2mFLyjcYjHqpMwKcHqMBanwzFv4Sjh4RZL8zOLVSl6Li%2BNdWSSm597XgqfqRLPFts0kG5IOXgBtxL4CkYjgB%2Fh3IFVQKtkfpjt2Wflvqpa4IrxVWdTooi1dsZ9ZYDuBXDbukFJjNSXOy49q4vd7zReIcdNv%2Blx0V10z7%2BZx1aoaukh3wftQAbdHm7Bi%2FeTfKPzDXtN2%2F17VgudSbbRH5P%2FDiSvQ1p1sodweAR2Lc1mbuaXcpmk3bYFKa5To8pOusMP3n89UGOrEBeh7IsLd04xlaK60v3gb3%2FetQod2cEDqI4DGk9BO%2FiN1QuDiWt5PvomiyZICSIZAeC%2BhX8FfUM53ODc2bwlV1tbClhYQDM%2FhIOscsfxpMK6kGiT%2FuMv0fOOlx%2BUsAhp1d2CCHSzE2SH%2Fd4zgKcopwNoOg2XcgmnLm%2BeO8iBb78aAM6ZQtF8hapsg8U2ICD3EPFOhhzDZD3UR9Mn%2BEtlzsQe7lQzZ%2FoVNREOvAOAsUYgsu&X-Amz-SignedHeaders=host&X-Amz-Signature=69163018c5244841cb317f8e743f6d2a42d136d37d626d48b08a1702d48e4f74,MZM-764,2026-09-30 12:23:16 +0000 UTC,replied,from_agent,
whatsapp,Sara,+33788338821,,,listing,,,Baraa Mohamed,,,,BM-271,2026-09-30 12:05:58 +0000 UTC,delivered,,
whatsapp,Amira,+201014022035,,,listing,,,Heba Gabr,,,,HG-636,2026-09-30 11:26:07 +0000 UTC,delivered,,
whatsapp,Mo Suliman,+201551023052,,,listing,,,Nouran Mohamed,,,,NM-828,2026-09-30 11:18:28 +0000 UTC,replied,,
call,,+201023231033,,,listing,,,Donia M,185,0,https://pf-eg-documents.s3.ap-southeast-1.amazonaws.com/calls/2026/09/30/b23931d7e1caaf8469fd2cfee8454ab3.mp3?X-Amz-Algorithm=AWS4-HMAC-SHA256&X-Amz-Credential=ASIAZCUZQZIU4DBRS2PB%2F20260930%2Fap-southeast-1%2Fs3%2Faws4_request&X-Amz-Date=20260930T130048Z&X-Amz-Expires=604800&X-Amz-Security-Token=IQoJb3JpZ2luX2VjEJz%2F%2F%2F%2F%2F%2F%2F%2F%2F%2FwEaDmFwLXNvdXRoZWFzdC0xIkcwRQIhAJHr6v32Yr%2FYwGiXmjFjVtU9Tnwq1GzO5uz%2FZDa9kJm%2BAiAxgWRAaBFiANrVHoVItUoX4cwhiAzWfgvAcrz4ff%2B4AyrDBQhlEAAaDDYyNDE2NTk2NDMyOSIMhZhEzsBe8wugwhIWKqAFFDPcGdFG3vaQGjuBN3Xmr1WPew9fiIR881JRDFoBMFMot%2BXQIqn1kBIEpztjCRf8whicJgVVhdhWkinYo7xu8geX%2F5Ie1kAmbSZxCGVlmFh7y6nhhUI0FzpoAxNTXMxJCR8umQmKSfZO2Az2JhaF8uCBJMHlGMF0Uf8drO0QFa4hczB43OL6ms0TRoMV97yEJd7MTk%2BIyArsxlHZxwKZ1wMkN8MT6JTZuoDhw8syziB0yaY2%2BJzWCr%2FWLcreitePWEEBMf6fMM%2BUCWraJtkX6TNXa5agBnBU32LwwhXQXpMztsloPlpr3oLsn6Jn%2BRy6wsT3gEu5u%2BqMOCeI6ZL8qG2YyGmrJuEUNHUy6SyNaKi4in79uVmYyH95GfiC%2FPsN0XpW8T9axY%2BkgFwuDkqR3QTfWE3tbx1ZdosDnawovRrnC5NXeoV3ULvVJwmaI3bMo%2FkQ%2Bo4ePzy0MQuc10uI7JRsy0e7w7eeapBPwMl%2BJf6eBnjTDINkKrXXLL9%2FsB8YywxFkZGh%2BTyeW1xs7slh5pz9Lk3VSXADFl1FPVaEBmh%2B%2BXTqOv1EEtRgaevqlcHYSLKk6OZ356TR3bIrAf9WW3kUFzrujr%2FR9Qz7kpCsgq5uHaSCkIl9Dyit3oBOp1gn2mFLyjcYjHqpMwKcHqMBanwzFv4Sjh4RZL8zOLVSl6Li%2BNdWSSm597XgqfqRLPFts0kG5IOXgBtxL4CkYjgB%2Fh3IFVQKtkfpjt2Wflvqpa4IrxVWdTooi1dsZ9ZYDuBXDbukFJjNSXOy49q4vd7zReIcdNv%2Blx0V10z7%2BZx1aoaukh3wftQAbdHm7Bi%2FeTfKPzDXtN2%2F17VgudSbbRH5P%2FDiSvQ1p1sodweAR2Lc1mbuaXcpmk3bYFKa5To8pOusMP3n89UGOrEBeh7IsLd04xlaK60v3gb3%2FetQod2cEDqI4DGk9BO%2FiN1QuDiWt5PvomiyZICSIZAeC%2BhX8FfUM53ODc2bwlV1tbClhYQDM%2FhIOscsfxpMK6kGiT%2FuMv0fOOlx%2BUsAhp1d2CCHSzE2SH%2Fd4zgKcopwNoOg2XcgmnLm%2BeO8iBb78aAM6ZQtF8hapsg8U2ICD3EPFOhhzDZD3UR9Mn%2BEtlzsQe7lQzZ%2FoVNREOvAOAsUYgsu&X-Amz-SignedHeaders=host&X-Amz-Signature=01ed9b8c89d9db1ac9a444a59b567a3b8cecc1dd7eed323f917c93c30cefc7ba,DM-1250,2026-09-30 11:17:28 +0000 UTC,replied,from_agent,
whatsapp,sayedyahea22,+201023231033,,,listing,,,Donia M,,,,DM-1250,2026-09-30 11:15:12 +0000 UTC,replied,from_agent,
whatsapp,Semsm,+201028704268,,,listing,,,Noha shabaan,,,,NS-804,2026-09-30 10:55:31 +0000 UTC,delivered,,
whatsapp,Sahar Rizk,+201282527128,,,listing,,,Zainab  Mohamed,,,,ZM-110,2026-09-30 10:44:52 +0000 UTC,delivered,,
call,,+201024313878,,,listing,,,yasmine  Mohamed,232,0,https://pf-eg-documents.s3.ap-southeast-1.amazonaws.com/calls/2026/09/30/52a1b9b628bcf824d0b6bd8b3722ebf4.mp3?X-Amz-Algorithm=AWS4-HMAC-SHA256&X-Amz-Credential=ASIAZCUZQZIU4DBRS2PB%2F20260930%2Fap-southeast-1%2Fs3%2Faws4_request&X-Amz-Date=20260930T130048Z&X-Amz-Expires=604800&X-Amz-Security-Token=IQoJb3JpZ2luX2VjEJz%2F%2F%2F%2F%2F%2F%2F%2F%2F%2FwEaDmFwLXNvdXRoZWFzdC0xIkcwRQIhAJHr6v32Yr%2FYwGiXmjFjVtU9Tnwq1GzO5uz%2FZDa9kJm%2BAiAxgWRAaBFiANrVHoVItUoX4cwhiAzWfgvAcrz4ff%2B4AyrDBQhlEAAaDDYyNDE2NTk2NDMyOSIMhZhEzsBe8wugwhIWKqAFFDPcGdFG3vaQGjuBN3Xmr1WPew9fiIR881JRDFoBMFMot%2BXQIqn1kBIEpztjCRf8whicJgVVhdhWkinYo7xu8geX%2F5Ie1kAmbSZxCGVlmFh7y6nhhUI0FzpoAxNTXMxJCR8umQmKSfZO2Az2JhaF8uCBJMHlGMF0Uf8drO0QFa4hczB43OL6ms0TRoMV97yEJd7MTk%2BIyArsxlHZxwKZ1wMkN8MT6JTZuoDhw8syziB0yaY2%2BJzWCr%2FWLcreitePWEEBMf6fMM%2BUCWraJtkX6TNXa5agBnBU32LwwhXQXpMztsloPlpr3oLsn6Jn%2BRy6wsT3gEu5u%2BqMOCeI6ZL8qG2YyGmrJuEUNHUy6SyNaKi4in79uVmYyH95GfiC%2FPsN0XpW8T9axY%2BkgFwuDkqR3QTfWE3tbx1ZdosDnawovRrnC5NXeoV3ULvVJwmaI3bMo%2FkQ%2Bo4ePzy0MQuc10uI7JRsy0e7w7eeapBPwMl%2BJf6eBnjTDINkKrXXLL9%2FsB8YywxFkZGh%2BTyeW1xs7slh5pz9Lk3VSXADFl1FPVaEBmh%2B%2BXTqOv1EEtRgaevqlcHYSLKk6OZ356TR3bIrAf9WW3kUFzrujr%2FR9Qz7kpCsgq5uHaSCkIl9Dyit3oBOp1gn2mFLyjcYjHqpMwKcHqMBanwzFv4Sjh4RZL8zOLVSl6Li%2BNdWSSm597XgqfqRLPFts0kG5IOXgBtxL4CkYjgB%2Fh3IFVQKtkfpjt2Wflvqpa4IrxVWdTooi1dsZ9ZYDuBXDbukFJjNSXOy49q4vd7zReIcdNv%2Blx0V10z7%2BZx1aoaukh3wftQAbdHm7Bi%2FeTfKPzDXtN2%2F17VgudSbbRH5P%2FDiSvQ1p1sodweAR2Lc1mbuaXcpmk3bYFKa5To8pOusMP3n89UGOrEBeh7IsLd04xlaK60v3gb3%2FetQod2cEDqI4DGk9BO%2FiN1QuDiWt5PvomiyZICSIZAeC%2BhX8FfUM53ODc2bwlV1tbClhYQDM%2FhIOscsfxpMK6kGiT%2FuMv0fOOlx%2BUsAhp1d2CCHSzE2SH%2Fd4zgKcopwNoOg2XcgmnLm%2BeO8iBb78aAM6ZQtF8hapsg8U2ICD3EPFOhhzDZD3UR9Mn%2BEtlzsQe7lQzZ%2FoVNREOvAOAsUYgsu&X-Amz-SignedHeaders=host&X-Amz-Signature=c35454d61d5f4897f5611c80f3eae771e31882e857068ce5ead56213e66fecc1,YM-365,2026-09-30 10:40:55 +0000 UTC,replied,,
whatsapp,Abdoun12,+962799164801,,,listing,,,yasmine  Mohamed,,,,YM-365,2026-09-30 10:40:24 +0000 UTC,replied,,
whatsapp,,+201090393532,,,listing,,,Donia M,,,,DM-1002,2026-09-30 10:34:33 +0000 UTC,replied,,
whatsapp,Eman Elmaddawy,+201017457656,,,listing,,,yasmine  Mohamed,,,,YM-350,2026-09-30 10:28:53 +0000 UTC,replied,,
call,,+201006399433,,,listing,,,Donia M,0,0,,DM-1060,2026-09-30 10:21:23 +0000 UTC,sent,,
whatsapp,Mohamed Antar,+201002001312,,,listing,,,Noura Abo Al Naga,,,,N_1271,2026-09-30 10:03:33 +0000 UTC,replied,,
whatsapp,Abdoun12,+962799164801,,,listing,,,yasmine  Mohamed,,,,YM-365,2026-09-30 09:10:28 +0000 UTC,replied,,
whatsapp,Safaa Abdelaal,+4915753687357,,,listing,,,nora  ashraf,,,,AAM-149,2026-09-30 09:08:39 +0000 UTC,read,,
call,,+201091888306,,,listing,,,Donia M,0,0,,DM-1099,2026-09-30 08:07:25 +0000 UTC,sent,,
whatsapp,Passent Waguih,+201091888306,,,listing,,,Baraa Mohamed,,,,BM-277,2026-09-30 08:04:40 +0000 UTC,read,,
call,,+201091888306,,,listing,,,Baraa Mohamed,0,0,,BM-277,2026-09-30 08:04:17 +0000 UTC,sent,,
call,,+201001681000,,,listing,,,Anan Magdy,0,0,https://pf-eg-documents.s3.ap-southeast-1.amazonaws.com/calls/2026/09/30/6f1ad61b1e82acc40d8b3ce0e8f6e159.mp3?X-Amz-Algorithm=AWS4-HMAC-SHA256&X-Amz-Credential=ASIAZCUZQZIU4DBRS2PB%2F20260930%2Fap-southeast-1%2Fs3%2Faws4_request&X-Amz-Date=20260930T130048Z&X-Amz-Expires=604800&X-Amz-Security-Token=IQoJb3JpZ2luX2VjEJz%2F%2F%2F%2F%2F%2F%2F%2F%2F%2FwEaDmFwLXNvdXRoZWFzdC0xIkcwRQIhAJHr6v32Yr%2FYwGiXmjFjVtU9Tnwq1GzO5uz%2FZDa9kJm%2BAiAxgWRAaBFiANrVHoVItUoX4cwhiAzWfgvAcrz4ff%2B4AyrDBQhlEAAaDDYyNDE2NTk2NDMyOSIMhZhEzsBe8wugwhIWKqAFFDPcGdFG3vaQGjuBN3Xmr1WPew9fiIR881JRDFoBMFMot%2BXQIqn1kBIEpztjCRf8whicJgVVhdhWkinYo7xu8geX%2F5Ie1kAmbSZxCGVlmFh7y6nhhUI0FzpoAxNTXMxJCR8umQmKSfZO2Az2JhaF8uCBJMHlGMF0Uf8drO0QFa4hczB43OL6ms0TRoMV97yEJd7MTk%2BIyArsxlHZxwKZ1wMkN8MT6JTZuoDhw8syziB0yaY2%2BJzWCr%2FWLcreitePWEEBMf6fMM%2BUCWraJtkX6TNXa5agBnBU32LwwhXQXpMztsloPlpr3oLsn6Jn%2BRy6wsT3gEu5u%2BqMOCeI6ZL8qG2YyGmrJuEUNHUy6SyNaKi4in79uVmYyH95GfiC%2FPsN0XpW8T9axY%2BkgFwuDkqR3QTfWE3tbx1ZdosDnawovRrnC5NXeoV3ULvVJwmaI3bMo%2FkQ%2Bo4ePzy0MQuc10uI7JRsy0e7w7eeapBPwMl%2BJf6eBnjTDINkKrXXLL9%2FsB8YywxFkZGh%2BTyeW1xs7slh5pz9Lk3VSXADFl1FPVaEBmh%2B%2BXTqOv1EEtRgaevqlcHYSLKk6OZ356TR3bIrAf9WW3kUFzrujr%2FR9Qz7kpCsgq5uHaSCkIl9Dyit3oBOp1gn2mFLyjcYjHqpMwKcHqMBanwzFv4Sjh4RZL8zOLVSl6Li%2BNdWSSm597XgqfqRLPFts0kG5IOXgBtxL4CkYjgB%2Fh3IFVQKtkfpjt2Wflvqpa4IrxVWdTooi1dsZ9ZYDuBXDbukFJjNSXOy49q4vd7zReIcdNv%2Blx0V10z7%2BZx1aoaukh3wftQAbdHm7Bi%2FeTfKPzDXtN2%2F17VgudSbbRH5P%2FDiSvQ1p1sodweAR2Lc1mbuaXcpmk3bYFKa5To8pOusMP3n89UGOrEBeh7IsLd04xlaK60v3gb3%2FetQod2cEDqI4DGk9BO%2FiN1QuDiWt5PvomiyZICSIZAeC%2BhX8FfUM53ODc2bwlV1tbClhYQDM%2FhIOscsfxpMK6kGiT%2FuMv0fOOlx%2BUsAhp1d2CCHSzE2SH%2Fd4zgKcopwNoOg2XcgmnLm%2BeO8iBb78aAM6ZQtF8hapsg8U2ICD3EPFOhhzDZD3UR9Mn%2BEtlzsQe7lQzZ%2FoVNREOvAOAsUYgsu&X-Amz-SignedHeaders=host&X-Amz-Signature=90649414e1e9eee2ac70826ec6cc4a1507cb1ba07886f12f10e6ad1592c21302,AM-771,2026-09-30 06:53:49 +0000 UTC,delivered,,
whatsapp,🌼Najla Saqr🌼,+201033535666,,,listing,,,Nouran Mohamed,,,,NM-754,2026-09-30 05:19:55 +0000 UTC,replied,,
whatsapp,Eman Elmaddawy,+201017457656,,,listing,,,yasmine  Mohamed,,,,YM-350,2026-09-30 03:17:54 +0000 UTC,replied,,
whatsapp,‏م,+201015791757,,,listing,,,Mohamed Dowad,,,,MD 300,2026-09-30 00:31:15 +0000 UTC,replied,,
whatsapp,‏م,+201015791757,,,listing,,,Baraa Mohamed,,,,BM-276,2026-09-30 00:24:48 +0000 UTC,read,,
whatsapp,‏م,+201015791757,,,listing,,,kareem mady,,,,KM_106,2026-09-30 00:19:11 +0000 UTC,sent,,
whatsapp,Mona  alTorky,+201158152138,,,listing,,,Mohamed Dowad,,,,MD 295,2026-09-29 23:56:10 +0000 UTC,delivered,,
whatsapp,adl,+201065666011,,,listing,,,Waheed Sayed,,,,WS-523,2026-09-29 23:25:01 +0000 UTC,replied,,
whatsapp,Seif salem,+201000568120,,,listing,,,Mohamed Megahed,,,,MZ-723,2026-09-29 23:12:11 +0000 UTC,replied,,
whatsapp,DuduBayoumi,+201020100105,,,listing,,,Ahmed Safwat,,,,MM-6000,2026-09-29 23:11:00 +0000 UTC,replied,,
whatsapp,Omar,+201011828366,,0maresam999,listing,,,Nouran Mohamed,,,,NM-801,2026-09-29 23:09:35 +0000 UTC,replied,,
whatsapp,Sara Hussien,+201500293636,,,listing,,,Anan Magdy,,,,AM-685,2026-09-29 23:08:53 +0000 UTC,delivered,,
call,,+201069736765,,,listing,,,Mohamed Megahed,0,0,https://pf-eg-documents.s3.ap-southeast-1.amazonaws.com/calls/2026/09/29/b4f5b092bf7808eaad684553a2b6fae0.mp3?X-Amz-Algorithm=AWS4-HMAC-SHA256&X-Amz-Credential=ASIAZCUZQZIU4DBRS2PB%2F20260930%2Fap-southeast-1%2Fs3%2Faws4_request&X-Amz-Date=20260930T130048Z&X-Amz-Expires=604800&X-Amz-Security-Token=IQoJb3JpZ2luX2VjEJz%2F%2F%2F%2F%2F%2F%2F%2F%2F%2FwEaDmFwLXNvdXRoZWFzdC0xIkcwRQIhAJHr6v32Yr%2FYwGiXmjFjVtU9Tnwq1GzO5uz%2FZDa9kJm%2BAiAxgWRAaBFiANrVHoVItUoX4cwhiAzWfgvAcrz4ff%2B4AyrDBQhlEAAaDDYyNDE2NTk2NDMyOSIMhZhEzsBe8wugwhIWKqAFFDPcGdFG3vaQGjuBN3Xmr1WPew9fiIR881JRDFoBMFMot%2BXQIqn1kBIEpztjCRf8whicJgVVhdhWkinYo7xu8geX%2F5Ie1kAmbSZxCGVlmFh7y6nhhUI0FzpoAxNTXMxJCR8umQmKSfZO2Az2JhaF8uCBJMHlGMF0Uf8drO0QFa4hczB43OL6ms0TRoMV97yEJd7MTk%2BIyArsxlHZxwKZ1wMkN8MT6JTZuoDhw8syziB0yaY2%2BJzWCr%2FWLcreitePWEEBMf6fMM%2BUCWraJtkX6TNXa5agBnBU32LwwhXQXpMztsloPlpr3oLsn6Jn%2BRy6wsT3gEu5u%2BqMOCeI6ZL8qG2YyGmrJuEUNHUy6SyNaKi4in79uVmYyH95GfiC%2FPsN0XpW8T9axY%2BkgFwuDkqR3QTfWE3tbx1ZdosDnawovRrnC5NXeoV3ULvVJwmaI3bMo%2FkQ%2Bo4ePzy0MQuc10uI7JRsy0e7w7eeapBPwMl%2BJf6eBnjTDINkKrXXLL9%2FsB8YywxFkZGh%2BTyeW1xs7slh5pz9Lk3VSXADFl1FPVaEBmh%2B%2BXTqOv1EEtRgaevqlcHYSLKk6OZ356TR3bIrAf9WW3kUFzrujr%2FR9Qz7kpCsgq5uHaSCkIl9Dyit3oBOp1gn2mFLyjcYjHqpMwKcHqMBanwzFv4Sjh4RZL8zOLVSl6Li%2BNdWSSm597XgqfqRLPFts0kG5IOXgBtxL4CkYjgB%2Fh3IFVQKtkfpjt2Wflvqpa4IrxVWdTooi1dsZ9ZYDuBXDbukFJjNSXOy49q4vd7zReIcdNv%2Blx0V10z7%2BZx1aoaukh3wftQAbdHm7Bi%2FeTfKPzDXtN2%2F17VgudSbbRH5P%2FDiSvQ1p1sodweAR2Lc1mbuaXcpmk3bYFKa5To8pOusMP3n89UGOrEBeh7IsLd04xlaK60v3gb3%2FetQod2cEDqI4DGk9BO%2FiN1QuDiWt5PvomiyZICSIZAeC%2BhX8FfUM53ODc2bwlV1tbClhYQDM%2FhIOscsfxpMK6kGiT%2FuMv0fOOlx%2BUsAhp1d2CCHSzE2SH%2Fd4zgKcopwNoOg2XcgmnLm%2BeO8iBb78aAM6ZQtF8hapsg8U2ICD3EPFOhhzDZD3UR9Mn%2BEtlzsQe7lQzZ%2FoVNREOvAOAsUYgsu&X-Amz-SignedHeaders=host&X-Amz-Signature=a62416e4fbd6d248b65089f350377a0f7bae5c7ed07fa96473fbd2803823bbc4,MZ-620,2026-09-29 22:43:09 +0000 UTC,delivered,,
call,,+201132824471,,,listing,,,Nouran Mohamed,0,0,,NM-821,2026-09-29 22:26:11 +0000 UTC,sent,,
whatsapp,Yasmin,+971565637643,,,listing,,,Noha shabaan,,,,NS-807,2026-09-29 22:12:51 +0000 UTC,delivered,,
whatsapp,Asalih,+971566302041,,,listing,,,Nouran Mohamed,,,,NM-828,2026-09-29 21:19:33 +0000 UTC,replied,,
whatsapp,hanuda  🙌🙌🙌🙌🙌🪬🧿,+971503582038,,,listing,,,yasmine  Mohamed,,,,YM-251,2026-09-29 21:17:34 +0000 UTC,replied,,
whatsapp,hanuda  🙌🙌🙌🙌🙌🪬🧿,+971503582038,,,listing,,,Baraa Mohamed,,,,BM-231,2026-09-29 21:17:11 +0000 UTC,read,,
whatsapp,hanuda  🙌🙌🙌🙌🙌🪬🧿,+971503582038,,,listing,,,Donia M,,,,DM-1243,2026-09-29 21:15:44 +0000 UTC,replied,,
whatsapp,hanuda  🙌🙌🙌🙌🙌🪬🧿,+971503582038,,,listing,,,Anan Magdy,,,,AM-777,2026-09-29 21:13:10 +0000 UTC,delivered,,
whatsapp,MoveWithStrategy,+201096446134,,,listing,,,Mohamed Megahed,,,,MZ-598,2026-09-29 21:05:24 +0000 UTC,replied,,
whatsapp,Esraa Hashem,+201060692239,,,listing,,,yasmine  Mohamed,,,,YM-382,2026-09-29 20:57:56 +0000 UTC,read,,
whatsapp,Eman Hawas,+201272922555,,,listing,,,AbdulRahman Mohamed,,,,ABM-191,2026-09-29 20:21:02 +0000 UTC,delivered,,
whatsapp,Alaa Hanfy,+201222629530,,,listing,,,nora  ashraf,,,,MH-711,2026-09-29 20:09:39 +0000 UTC,read,,
whatsapp,Alaa Hanfy,+201222629530,,,listing,,,Donia M,,,,DM-1067,2026-09-29 20:09:24 +0000 UTC,replied,,
whatsapp,Ahmed Elabed,+201064481469,,,listing,,,Anan Magdy,,,,AM-680,2026-09-29 19:53:10 +0000 UTC,delivered,,
whatsapp,Alaa Hanfy,+201222629530,,,listing,,,Menna Hesham,,,,MHF_183,2026-09-29 19:50:06 +0000 UTC,replied,,
whatsapp,Alaa Hanfy,+201222629530,,,listing,,,Ahmed Askar,,,,AA-253,2026-09-29 19:42:38 +0000 UTC,delivered,,
call,,+201064995405,,,listing,,,yasmine  Mohamed,249,0,https://pf-eg-documents.s3.ap-southeast-1.amazonaws.com/calls/2026/09/29/6eeff62eddb5e2d65cb3706e229d6fe7.mp3?X-Amz-Algorithm=AWS4-HMAC-SHA256&X-Amz-Credential=ASIAZCUZQZIU4DBRS2PB%2F20260930%2Fap-southeast-1%2Fs3%2Faws4_request&X-Amz-Date=20260930T130048Z&X-Amz-Expires=604800&X-Amz-Security-Token=IQoJb3JpZ2luX2VjEJz%2F%2F%2F%2F%2F%2F%2F%2F%2F%2FwEaDmFwLXNvdXRoZWFzdC0xIkcwRQIhAJHr6v32Yr%2FYwGiXmjFjVtU9Tnwq1GzO5uz%2FZDa9kJm%2BAiAxgWRAaBFiANrVHoVItUoX4cwhiAzWfgvAcrz4ff%2B4AyrDBQhlEAAaDDYyNDE2NTk2NDMyOSIMhZhEzsBe8wugwhIWKqAFFDPcGdFG3vaQGjuBN3Xmr1WPew9fiIR881JRDFoBMFMot%2BXQIqn1kBIEpztjCRf8whicJgVVhdhWkinYo7xu8geX%2F5Ie1kAmbSZxCGVlmFh7y6nhhUI0FzpoAxNTXMxJCR8umQmKSfZO2Az2JhaF8uCBJMHlGMF0Uf8drO0QFa4hczB43OL6ms0TRoMV97yEJd7MTk%2BIyArsxlHZxwKZ1wMkN8MT6JTZuoDhw8syziB0yaY2%2BJzWCr%2FWLcreitePWEEBMf6fMM%2BUCWraJtkX6TNXa5agBnBU32LwwhXQXpMztsloPlpr3oLsn6Jn%2BRy6wsT3gEu5u%2BqMOCeI6ZL8qG2YyGmrJuEUNHUy6SyNaKi4in79uVmYyH95GfiC%2FPsN0XpW8T9axY%2BkgFwuDkqR3QTfWE3tbx1ZdosDnawovRrnC5NXeoV3ULvVJwmaI3bMo%2FkQ%2Bo4ePzy0MQuc10uI7JRsy0e7w7eeapBPwMl%2BJf6eBnjTDINkKrXXLL9%2FsB8YywxFkZGh%2BTyeW1xs7slh5pz9Lk3VSXADFl1FPVaEBmh%2B%2BXTqOv1EEtRgaevqlcHYSLKk6OZ356TR3bIrAf9WW3kUFzrujr%2FR9Qz7kpCsgq5uHaSCkIl9Dyit3oBOp1gn2mFLyjcYjHqpMwKcHqMBanwzFv4Sjh4RZL8zOLVSl6Li%2BNdWSSm597XgqfqRLPFts0kG5IOXgBtxL4CkYjgB%2Fh3IFVQKtkfpjt2Wflvqpa4IrxVWdTooi1dsZ9ZYDuBXDbukFJjNSXOy49q4vd7zReIcdNv%2Blx0V10z7%2BZx1aoaukh3wftQAbdHm7Bi%2FeTfKPzDXtN2%2F17VgudSbbRH5P%2FDiSvQ1p1sodweAR2Lc1mbuaXcpmk3bYFKa5To8pOusMP3n89UGOrEBeh7IsLd04xlaK60v3gb3%2FetQod2cEDqI4DGk9BO%2FiN1QuDiWt5PvomiyZICSIZAeC%2BhX8FfUM53ODc2bwlV1tbClhYQDM%2FhIOscsfxpMK6kGiT%2FuMv0fOOlx%2BUsAhp1d2CCHSzE2SH%2Fd4zgKcopwNoOg2XcgmnLm%2BeO8iBb78aAM6ZQtF8hapsg8U2ICD3EPFOhhzDZD3UR9Mn%2BEtlzsQe7lQzZ%2FoVNREOvAOAsUYgsu&X-Amz-SignedHeaders=host&X-Amz-Signature=9ed1785a292595fff20f8e55b5d2dd715d80ffbd190472f91828d2b2876a4f4d,YM-382,2026-09-29 18:44:09 +0000 UTC,replied,,
whatsapp,Manar,+31611344521,,,listing,,,Ahmed Askar,,,,AA-227,2026-09-29 18:34:49 +0000 UTC,replied,,
whatsapp,🤍,+218930554818,,,listing,,,Mahmoud Mehrezy,,,,MZM-103,2026-09-29 18:23:07 +0000 UTC,read,,
whatsapp,🏠,+201036991904,,,listing,,,nora  ashraf,,,,MK-30,2026-09-29 16:55:00 +0000 UTC,read,,
whatsapp,Salma,+201117847084,,,listing,,,yasmine  Mohamed,,,,YM-358,2026-09-29 16:27:07 +0000 UTC,replied,,
whatsapp,NAN,+4591634256,,,listing,,,AbdElRahman Mohamed,,,,AE-0466,2026-09-29 16:02:38 +0000 UTC,delivered,,
whatsapp,NAN,+4591634256,,,listing,,,Heba Gabr,,,,HG-143,2026-09-29 16:00:21 +0000 UTC,read,,
call,,+201005091975,,,listing,,,yasmine  Mohamed,469,0,https://pf-eg-documents.s3.ap-southeast-1.amazonaws.com/calls/2026/09/29/2da9a43e008bd02e72b51f69eb8ffde4.mp3?X-Amz-Algorithm=AWS4-HMAC-SHA256&X-Amz-Credential=ASIAZCUZQZIU4DBRS2PB%2F20260930%2Fap-southeast-1%2Fs3%2Faws4_request&X-Amz-Date=20260930T130048Z&X-Amz-Expires=604800&X-Amz-Security-Token=IQoJb3JpZ2luX2VjEJz%2F%2F%2F%2F%2F%2F%2F%2F%2F%2FwEaDmFwLXNvdXRoZWFzdC0xIkcwRQIhAJHr6v32Yr%2FYwGiXmjFjVtU9Tnwq1GzO5uz%2FZDa9kJm%2BAiAxgWRAaBFiANrVHoVItUoX4cwhiAzWfgvAcrz4ff%2B4AyrDBQhlEAAaDDYyNDE2NTk2NDMyOSIMhZhEzsBe8wugwhIWKqAFFDPcGdFG3vaQGjuBN3Xmr1WPew9fiIR881JRDFoBMFMot%2BXQIqn1kBIEpztjCRf8whicJgVVhdhWkinYo7xu8geX%2F5Ie1kAmbSZxCGVlmFh7y6nhhUI0FzpoAxNTXMxJCR8umQmKSfZO2Az2JhaF8uCBJMHlGMF0Uf8drO0QFa4hczB43OL6ms0TRoMV97yEJd7MTk%2BIyArsxlHZxwKZ1wMkN8MT6JTZuoDhw8syziB0yaY2%2BJzWCr%2FWLcreitePWEEBMf6fMM%2BUCWraJtkX6TNXa5agBnBU32LwwhXQXpMztsloPlpr3oLsn6Jn%2BRy6wsT3gEu5u%2BqMOCeI6ZL8qG2YyGmrJuEUNHUy6SyNaKi4in79uVmYyH95GfiC%2FPsN0XpW8T9axY%2BkgFwuDkqR3QTfWE3tbx1ZdosDnawovRrnC5NXeoV3ULvVJwmaI3bMo%2FkQ%2Bo4ePzy0MQuc10uI7JRsy0e7w7eeapBPwMl%2BJf6eBnjTDINkKrXXLL9%2FsB8YywxFkZGh%2BTyeW1xs7slh5pz9Lk3VSXADFl1FPVaEBmh%2B%2BXTqOv1EEtRgaevqlcHYSLKk6OZ356TR3bIrAf9WW3kUFzrujr%2FR9Qz7kpCsgq5uHaSCkIl9Dyit3oBOp1gn2mFLyjcYjHqpMwKcHqMBanwzFv4Sjh4RZL8zOLVSl6Li%2BNdWSSm597XgqfqRLPFts0kG5IOXgBtxL4CkYjgB%2Fh3IFVQKtkfpjt2Wflvqpa4IrxVWdTooi1dsZ9ZYDuBXDbukFJjNSXOy49q4vd7zReIcdNv%2Blx0V10z7%2BZx1aoaukh3wftQAbdHm7Bi%2FeTfKPzDXtN2%2F17VgudSbbRH5P%2FDiSvQ1p1sodweAR2Lc1mbuaXcpmk3bYFKa5To8pOusMP3n89UGOrEBeh7IsLd04xlaK60v3gb3%2FetQod2cEDqI4DGk9BO%2FiN1QuDiWt5PvomiyZICSIZAeC%2BhX8FfUM53ODc2bwlV1tbClhYQDM%2FhIOscsfxpMK6kGiT%2FuMv0fOOlx%2BUsAhp1d2CCHSzE2SH%2Fd4zgKcopwNoOg2XcgmnLm%2BeO8iBb78aAM6ZQtF8hapsg8U2ICD3EPFOhhzDZD3UR9Mn%2BEtlzsQe7lQzZ%2FoVNREOvAOAsUYgsu&X-Amz-SignedHeaders=host&X-Amz-Signature=d0dd65039c82f8a0ca86854acdd09d6cc3f6dc393a250c5b09321bb6e680e7a0,YM-384,2026-09-29 16:00:11 +0000 UTC,replied,,
whatsapp,ع,+201121774545,,,listing,,,Mahmoud Mehrezy,,,,MZMZ,2026-09-29 15:50:59 +0000 UTC,read,,
whatsapp,Ahmad,+46793437506,,,listing,,,Mahmoud Mehrezy,,,,MZM-714,2026-09-29 15:45:54 +0000 UTC,replied,,
whatsapp,Basma,+201008848313,,,listing,,,Baraa Mohamed,,,,BM-126,2026-09-29 15:45:23 +0000 UTC,read,,
whatsapp,Gadah,+201206901843,,,listing,,,nora  ashraf,,,,MSH_77,2026-09-29 15:41:48 +0000 UTC,read,,
call,,+201227989111,,,listing,,,yasmine  Mohamed,0,0,,YM-190,2026-09-29 15:32:41 +0000 UTC,sent,from_agent,
whatsapp,Ahmad,+46793437506,,,listing,,,Mahmoud Mehrezy,,,,MZM-10020,2026-09-29 15:30:54 +0000 UTC,read,,
whatsapp,Mamoun,+249912299069,,,listing,,,Menna Hesham,,,,MHF_149,2026-09-29 15:24:58 +0000 UTC,replied,,
call,,+201201444438,,,listing,,,Baraa Mohamed,99,0,https://pf-eg-documents.s3.ap-southeast-1.amazonaws.com/calls/2026/09/29/2e9dc43204ce1adaf7228a6f79d8558c.mp3?X-Amz-Algorithm=AWS4-HMAC-SHA256&X-Amz-Credential=ASIAZCUZQZIU4DBRS2PB%2F20260930%2Fap-southeast-1%2Fs3%2Faws4_request&X-Amz-Date=20260930T130048Z&X-Amz-Expires=604800&X-Amz-Security-Token=IQoJb3JpZ2luX2VjEJz%2F%2F%2F%2F%2F%2F%2F%2F%2F%2FwEaDmFwLXNvdXRoZWFzdC0xIkcwRQIhAJHr6v32Yr%2FYwGiXmjFjVtU9Tnwq1GzO5uz%2FZDa9kJm%2BAiAxgWRAaBFiANrVHoVItUoX4cwhiAzWfgvAcrz4ff%2B4AyrDBQhlEAAaDDYyNDE2NTk2NDMyOSIMhZhEzsBe8wugwhIWKqAFFDPcGdFG3vaQGjuBN3Xmr1WPew9fiIR881JRDFoBMFMot%2BXQIqn1kBIEpztjCRf8whicJgVVhdhWkinYo7xu8geX%2F5Ie1kAmbSZxCGVlmFh7y6nhhUI0FzpoAxNTXMxJCR8umQmKSfZO2Az2JhaF8uCBJMHlGMF0Uf8drO0QFa4hczB43OL6ms0TRoMV97yEJd7MTk%2BIyArsxlHZxwKZ1wMkN8MT6JTZuoDhw8syziB0yaY2%2BJzWCr%2FWLcreitePWEEBMf6fMM%2BUCWraJtkX6TNXa5agBnBU32LwwhXQXpMztsloPlpr3oLsn6Jn%2BRy6wsT3gEu5u%2BqMOCeI6ZL8qG2YyGmrJuEUNHUy6SyNaKi4in79uVmYyH95GfiC%2FPsN0XpW8T9axY%2BkgFwuDkqR3QTfWE3tbx1ZdosDnawovRrnC5NXeoV3ULvVJwmaI3bMo%2FkQ%2Bo4ePzy0MQuc10uI7JRsy0e7w7eeapBPwMl%2BJf6eBnjTDINkKrXXLL9%2FsB8YywxFkZGh%2BTyeW1xs7slh5pz9Lk3VSXADFl1FPVaEBmh%2B%2BXTqOv1EEtRgaevqlcHYSLKk6OZ356TR3bIrAf9WW3kUFzrujr%2FR9Qz7kpCsgq5uHaSCkIl9Dyit3oBOp1gn2mFLyjcYjHqpMwKcHqMBanwzFv4Sjh4RZL8zOLVSl6Li%2BNdWSSm597XgqfqRLPFts0kG5IOXgBtxL4CkYjgB%2Fh3IFVQKtkfpjt2Wflvqpa4IrxVWdTooi1dsZ9ZYDuBXDbukFJjNSXOy49q4vd7zReIcdNv%2Blx0V10z7%2BZx1aoaukh3wftQAbdHm7Bi%2FeTfKPzDXtN2%2F17VgudSbbRH5P%2FDiSvQ1p1sodweAR2Lc1mbuaXcpmk3bYFKa5To8pOusMP3n89UGOrEBeh7IsLd04xlaK60v3gb3%2FetQod2cEDqI4DGk9BO%2FiN1QuDiWt5PvomiyZICSIZAeC%2BhX8FfUM53ODc2bwlV1tbClhYQDM%2FhIOscsfxpMK6kGiT%2FuMv0fOOlx%2BUsAhp1d2CCHSzE2SH%2Fd4zgKcopwNoOg2XcgmnLm%2BeO8iBb78aAM6ZQtF8hapsg8U2ICD3EPFOhhzDZD3UR9Mn%2BEtlzsQe7lQzZ%2FoVNREOvAOAsUYgsu&X-Amz-SignedHeaders=host&X-Amz-Signature=51ffa3e1d12d0d4408588c7a5dcc715aaac0ee512b299ece6ff2d8c0e7afc0bf,BM-237,2026-09-29 15:23:22 +0000 UTC,replied,from_agent,
whatsapp,Hazem Moussa,+201201444438,,,listing,,,Baraa Mohamed,,,,BM-237,2026-09-29 15:23:17 +0000 UTC,read,from_agent,
whatsapp,Mamoun,+249912299069,,,listing,,,Menna Hesham,,,,MHF_149,2026-09-29 15:22:20 +0000 UTC,replied,,
whatsapp,Mamoun,+249912299069,,,listing,,,Ahmed Askar,,,,AA-136,2026-09-29 15:20:33 +0000 UTC,replied,,
call,,+201227861770,,,listing,,,yasmine  Mohamed,389,0,https://pf-eg-documents.s3.ap-southeast-1.amazonaws.com/calls/2026/09/29/1c02f103e822b0135f81e21fce8c0140.mp3?X-Amz-Algorithm=AWS4-HMAC-SHA256&X-Amz-Credential=ASIAZCUZQZIU4DBRS2PB%2F20260930%2Fap-southeast-1%2Fs3%2Faws4_request&X-Amz-Date=20260930T130048Z&X-Amz-Expires=604800&X-Amz-Security-Token=IQoJb3JpZ2luX2VjEJz%2F%2F%2F%2F%2F%2F%2F%2F%2F%2FwEaDmFwLXNvdXRoZWFzdC0xIkcwRQIhAJHr6v32Yr%2FYwGiXmjFjVtU9Tnwq1GzO5uz%2FZDa9kJm%2BAiAxgWRAaBFiANrVHoVItUoX4cwhiAzWfgvAcrz4ff%2B4AyrDBQhlEAAaDDYyNDE2NTk2NDMyOSIMhZhEzsBe8wugwhIWKqAFFDPcGdFG3vaQGjuBN3Xmr1WPew9fiIR881JRDFoBMFMot%2BXQIqn1kBIEpztjCRf8whicJgVVhdhWkinYo7xu8geX%2F5Ie1kAmbSZxCGVlmFh7y6nhhUI0FzpoAxNTXMxJCR8umQmKSfZO2Az2JhaF8uCBJMHlGMF0Uf8drO0QFa4hczB43OL6ms0TRoMV97yEJd7MTk%2BIyArsxlHZxwKZ1wMkN8MT6JTZuoDhw8syziB0yaY2%2BJzWCr%2FWLcreitePWEEBMf6fMM%2BUCWraJtkX6TNXa5agBnBU32LwwhXQXpMztsloPlpr3oLsn6Jn%2BRy6wsT3gEu5u%2BqMOCeI6ZL8qG2YyGmrJuEUNHUy6SyNaKi4in79uVmYyH95GfiC%2FPsN0XpW8T9axY%2BkgFwuDkqR3QTfWE3tbx1ZdosDnawovRrnC5NXeoV3ULvVJwmaI3bMo%2FkQ%2Bo4ePzy0MQuc10uI7JRsy0e7w7eeapBPwMl%2BJf6eBnjTDINkKrXXLL9%2FsB8YywxFkZGh%2BTyeW1xs7slh5pz9Lk3VSXADFl1FPVaEBmh%2B%2BXTqOv1EEtRgaevqlcHYSLKk6OZ356TR3bIrAf9WW3kUFzrujr%2FR9Qz7kpCsgq5uHaSCkIl9Dyit3oBOp1gn2mFLyjcYjHqpMwKcHqMBanwzFv4Sjh4RZL8zOLVSl6Li%2BNdWSSm597XgqfqRLPFts0kG5IOXgBtxL4CkYjgB%2Fh3IFVQKtkfpjt2Wflvqpa4IrxVWdTooi1dsZ9ZYDuBXDbukFJjNSXOy49q4vd7zReIcdNv%2Blx0V10z7%2BZx1aoaukh3wftQAbdHm7Bi%2FeTfKPzDXtN2%2F17VgudSbbRH5P%2FDiSvQ1p1sodweAR2Lc1mbuaXcpmk3bYFKa5To8pOusMP3n89UGOrEBeh7IsLd04xlaK60v3gb3%2FetQod2cEDqI4DGk9BO%2FiN1QuDiWt5PvomiyZICSIZAeC%2BhX8FfUM53ODc2bwlV1tbClhYQDM%2FhIOscsfxpMK6kGiT%2FuMv0fOOlx%2BUsAhp1d2CCHSzE2SH%2Fd4zgKcopwNoOg2XcgmnLm%2BeO8iBb78aAM6ZQtF8hapsg8U2ICD3EPFOhhzDZD3UR9Mn%2BEtlzsQe7lQzZ%2FoVNREOvAOAsUYgsu&X-Amz-SignedHeaders=host&X-Amz-Signature=5782d1a058e81daccfb4d1d07e005a3cd73620c6fc7b569ee6ccca3b0ded3066,YM-312,2026-09-29 15:11:51 +0000 UTC,replied,,
whatsapp,شادى,+201005237190,,,listing,,,Waheed Sayed,,,,WS-478,2026-09-29 14:36:54 +0000 UTC,replied,,
whatsapp,M,+201556326326,,,listing,,,Yomna Rayan,,,,3A5YSGA6CG5BTDAPSJMGJ7QDP8,2026-09-29 13:45:43 +0000 UTC,delivered,,
whatsapp,M,+201556326326,,,listing,,,yasmine  Mohamed,,,,YM-306,2026-09-29 13:44:11 +0000 UTC,replied,,
whatsapp,M,+201556326326,,,listing,,,Nouran Mohamed,,,,NM-758,2026-09-29 13:43:20 +0000 UTC,replied,,
call,,+201224459596,,,listing,,,Heba Gabr,0,0,,SS-102,2026-09-29 13:35:06 +0000 UTC,sent,,
call,,+201014251066,,,listing,,,Shrouk Yahia,159,0,https://pf-eg-documents.s3.ap-southeast-1.amazonaws.com/calls/2026/09/29/5293997afc20139e2a203cf14f351728.mp3?X-Amz-Algorithm=AWS4-HMAC-SHA256&X-Amz-Credential=ASIAZCUZQZIU4DBRS2PB%2F20260930%2Fap-southeast-1%2Fs3%2Faws4_request&X-Amz-Date=20260930T130048Z&X-Amz-Expires=604800&X-Amz-Security-Token=IQoJb3JpZ2luX2VjEJz%2F%2F%2F%2F%2F%2F%2F%2F%2F%2FwEaDmFwLXNvdXRoZWFzdC0xIkcwRQIhAJHr6v32Yr%2FYwGiXmjFjVtU9Tnwq1GzO5uz%2FZDa9kJm%2BAiAxgWRAaBFiANrVHoVItUoX4cwhiAzWfgvAcrz4ff%2B4AyrDBQhlEAAaDDYyNDE2NTk2NDMyOSIMhZhEzsBe8wugwhIWKqAFFDPcGdFG3vaQGjuBN3Xmr1WPew9fiIR881JRDFoBMFMot%2BXQIqn1kBIEpztjCRf8whicJgVVhdhWkinYo7xu8geX%2F5Ie1kAmbSZxCGVlmFh7y6nhhUI0FzpoAxNTXMxJCR8umQmKSfZO2Az2JhaF8uCBJMHlGMF0Uf8drO0QFa4hczB43OL6ms0TRoMV97yEJd7MTk%2BIyArsxlHZxwKZ1wMkN8MT6JTZuoDhw8syziB0yaY2%2BJzWCr%2FWLcreitePWEEBMf6fMM%2BUCWraJtkX6TNXa5agBnBU32LwwhXQXpMztsloPlpr3oLsn6Jn%2BRy6wsT3gEu5u%2BqMOCeI6ZL8qG2YyGmrJuEUNHUy6SyNaKi4in79uVmYyH95GfiC%2FPsN0XpW8T9axY%2BkgFwuDkqR3QTfWE3tbx1ZdosDnawovRrnC5NXeoV3ULvVJwmaI3bMo%2FkQ%2Bo4ePzy0MQuc10uI7JRsy0e7w7eeapBPwMl%2BJf6eBnjTDINkKrXXLL9%2FsB8YywxFkZGh%2BTyeW1xs7slh5pz9Lk3VSXADFl1FPVaEBmh%2B%2BXTqOv1EEtRgaevqlcHYSLKk6OZ356TR3bIrAf9WW3kUFzrujr%2FR9Qz7kpCsgq5uHaSCkIl9Dyit3oBOp1gn2mFLyjcYjHqpMwKcHqMBanwzFv4Sjh4RZL8zOLVSl6Li%2BNdWSSm597XgqfqRLPFts0kG5IOXgBtxL4CkYjgB%2Fh3IFVQKtkfpjt2Wflvqpa4IrxVWdTooi1dsZ9ZYDuBXDbukFJjNSXOy49q4vd7zReIcdNv%2Blx0V10z7%2BZx1aoaukh3wftQAbdHm7Bi%2FeTfKPzDXtN2%2F17VgudSbbRH5P%2FDiSvQ1p1sodweAR2Lc1mbuaXcpmk3bYFKa5To8pOusMP3n89UGOrEBeh7IsLd04xlaK60v3gb3%2FetQod2cEDqI4DGk9BO%2FiN1QuDiWt5PvomiyZICSIZAeC%2BhX8FfUM53ODc2bwlV1tbClhYQDM%2FhIOscsfxpMK6kGiT%2FuMv0fOOlx%2BUsAhp1d2CCHSzE2SH%2Fd4zgKcopwNoOg2XcgmnLm%2BeO8iBb78aAM6ZQtF8hapsg8U2ICD3EPFOhhzDZD3UR9Mn%2BEtlzsQe7lQzZ%2FoVNREOvAOAsUYgsu&X-Amz-SignedHeaders=host&X-Amz-Signature=33cc316f5a3ab55de85ad9f0dd9cd1b407273de172123ece5903040e94639c8a,SY-4050,2026-09-29 13:22:07 +0000 UTC,replied,,
whatsapp,MagedEdress,+201090381999,,,listing,,,Mahmoud Mehrezy,,,,MZM-764,2026-09-29 13:21:33 +0000 UTC,read,,
whatsapp,حسام,+201203631271,,,listing,,,Ahmed Askar,,,,AA-232,2026-09-29 12:46:22 +0000 UTC,replied,,
whatsapp,حسام,+201203631271,,,listing,,,Shrouk Yahia,,,,SY-4043,2026-09-29 12:35:56 +0000 UTC,replied,,
whatsapp,MRZ,+201279375281,,,listing,,,nora  ashraf,,,,MSH_114,2026-09-29 12:19:57 +0000 UTC,read,,
call,,+201279375281,,,listing,,,nora  ashraf,0,0,https://pf-eg-documents.s3.ap-southeast-1.amazonaws.com/calls/2026/09/29/ac4cd2c1c98dc1afd19add477b300043.mp3?X-Amz-Algorithm=AWS4-HMAC-SHA256&X-Amz-Credential=ASIAZCUZQZIU4DBRS2PB%2F20260930%2Fap-southeast-1%2Fs3%2Faws4_request&X-Amz-Date=20260930T130048Z&X-Amz-Expires=604800&X-Amz-Security-Token=IQoJb3JpZ2luX2VjEJz%2F%2F%2F%2F%2F%2F%2F%2F%2F%2FwEaDmFwLXNvdXRoZWFzdC0xIkcwRQIhAJHr6v32Yr%2FYwGiXmjFjVtU9Tnwq1GzO5uz%2FZDa9kJm%2BAiAxgWRAaBFiANrVHoVItUoX4cwhiAzWfgvAcrz4ff%2B4AyrDBQhlEAAaDDYyNDE2NTk2NDMyOSIMhZhEzsBe8wugwhIWKqAFFDPcGdFG3vaQGjuBN3Xmr1WPew9fiIR881JRDFoBMFMot%2BXQIqn1kBIEpztjCRf8whicJgVVhdhWkinYo7xu8geX%2F5Ie1kAmbSZxCGVlmFh7y6nhhUI0FzpoAxNTXMxJCR8umQmKSfZO2Az2JhaF8uCBJMHlGMF0Uf8drO0QFa4hczB43OL6ms0TRoMV97yEJd7MTk%2BIyArsxlHZxwKZ1wMkN8MT6JTZuoDhw8syziB0yaY2%2BJzWCr%2FWLcreitePWEEBMf6fMM%2BUCWraJtkX6TNXa5agBnBU32LwwhXQXpMztsloPlpr3oLsn6Jn%2BRy6wsT3gEu5u%2BqMOCeI6ZL8qG2YyGmrJuEUNHUy6SyNaKi4in79uVmYyH95GfiC%2FPsN0XpW8T9axY%2BkgFwuDkqR3QTfWE3tbx1ZdosDnawovRrnC5NXeoV3ULvVJwmaI3bMo%2FkQ%2Bo4ePzy0MQuc10uI7JRsy0e7w7eeapBPwMl%2BJf6eBnjTDINkKrXXLL9%2FsB8YywxFkZGh%2BTyeW1xs7slh5pz9Lk3VSXADFl1FPVaEBmh%2B%2BXTqOv1EEtRgaevqlcHYSLKk6OZ356TR3bIrAf9WW3kUFzrujr%2FR9Qz7kpCsgq5uHaSCkIl9Dyit3oBOp1gn2mFLyjcYjHqpMwKcHqMBanwzFv4Sjh4RZL8zOLVSl6Li%2BNdWSSm597XgqfqRLPFts0kG5IOXgBtxL4CkYjgB%2Fh3IFVQKtkfpjt2Wflvqpa4IrxVWdTooi1dsZ9ZYDuBXDbukFJjNSXOy49q4vd7zReIcdNv%2Blx0V10z7%2BZx1aoaukh3wftQAbdHm7Bi%2FeTfKPzDXtN2%2F17VgudSbbRH5P%2FDiSvQ1p1sodweAR2Lc1mbuaXcpmk3bYFKa5To8pOusMP3n89UGOrEBeh7IsLd04xlaK60v3gb3%2FetQod2cEDqI4DGk9BO%2FiN1QuDiWt5PvomiyZICSIZAeC%2BhX8FfUM53ODc2bwlV1tbClhYQDM%2FhIOscsfxpMK6kGiT%2FuMv0fOOlx%2BUsAhp1d2CCHSzE2SH%2Fd4zgKcopwNoOg2XcgmnLm%2BeO8iBb78aAM6ZQtF8hapsg8U2ICD3EPFOhhzDZD3UR9Mn%2BEtlzsQe7lQzZ%2FoVNREOvAOAsUYgsu&X-Amz-SignedHeaders=host&X-Amz-Signature=3c4a4fdc087064d44cc4bc4b61871b4851c1760f65443336ac2e35deda192eba,MSH_114,2026-09-29 12:18:01 +0000 UTC,delivered,,
whatsapp,Samara Amin,+201276770997,,,listing,,,Zainab  Mohamed,,,,ZM-110,2026-09-29 12:15:38 +0000 UTC,read,,
whatsapp,Miss Ayesha Hashim,+201205559788,,,listing,,,Anan Magdy,,,,AM-781,2026-09-29 12:09:40 +0000 UTC,delivered,,
whatsapp,Samara Amin,+201276770997,,,listing,,,Zainab  Mohamed,,,,ZM-110,2026-09-29 12:04:19 +0000 UTC,read,,
whatsapp,Hannibal,+218925647270,,,listing,,,nora  ashraf,,,,MH-72,2026-09-29 11:40:37 +0000 UTC,read,,
whatsapp,Anastasiia Sk,+201029081663,,,listing,,,Moahmed Salah,,,,MS-1128,2026-09-29 11:38:54 +0000 UTC,replied,,
call,,+201151544941,,,listing,,,nora  ashraf,0,0,,MHM_117,2026-09-29 11:38:10 +0000 UTC,sent,from_agent,
whatsapp,Ayman Alquwesny,+201066388334,,ayman.aker,listing,,,yasmine  Mohamed,,,,YM-181,2026-09-29 11:17:34 +0000 UTC,replied,,
call,,+201503765827,,,listing,,,Nouran Mohamed,83,0,https://pf-eg-documents.s3.ap-southeast-1.amazonaws.com/calls/2026/09/29/831f4633f9f6ec1df0fe066b3c30b4a1.mp3?X-Amz-Algorithm=AWS4-HMAC-SHA256&X-Amz-Credential=ASIAZCUZQZIU4DBRS2PB%2F20260930%2Fap-southeast-1%2Fs3%2Faws4_request&X-Amz-Date=20260930T130048Z&X-Amz-Expires=604800&X-Amz-Security-Token=IQoJb3JpZ2luX2VjEJz%2F%2F%2F%2F%2F%2F%2F%2F%2F%2FwEaDmFwLXNvdXRoZWFzdC0xIkcwRQIhAJHr6v32Yr%2FYwGiXmjFjVtU9Tnwq1GzO5uz%2FZDa9kJm%2BAiAxgWRAaBFiANrVHoVItUoX4cwhiAzWfgvAcrz4ff%2B4AyrDBQhlEAAaDDYyNDE2NTk2NDMyOSIMhZhEzsBe8wugwhIWKqAFFDPcGdFG3vaQGjuBN3Xmr1WPew9fiIR881JRDFoBMFMot%2BXQIqn1kBIEpztjCRf8whicJgVVhdhWkinYo7xu8geX%2F5Ie1kAmbSZxCGVlmFh7y6nhhUI0FzpoAxNTXMxJCR8umQmKSfZO2Az2JhaF8uCBJMHlGMF0Uf8drO0QFa4hczB43OL6ms0TRoMV97yEJd7MTk%2BIyArsxlHZxwKZ1wMkN8MT6JTZuoDhw8syziB0yaY2%2BJzWCr%2FWLcreitePWEEBMf6fMM%2BUCWraJtkX6TNXa5agBnBU32LwwhXQXpMztsloPlpr3oLsn6Jn%2BRy6wsT3gEu5u%2BqMOCeI6ZL8qG2YyGmrJuEUNHUy6SyNaKi4in79uVmYyH95GfiC%2FPsN0XpW8T9axY%2BkgFwuDkqR3QTfWE3tbx1ZdosDnawovRrnC5NXeoV3ULvVJwmaI3bMo%2FkQ%2Bo4ePzy0MQuc10uI7JRsy0e7w7eeapBPwMl%2BJf6eBnjTDINkKrXXLL9%2FsB8YywxFkZGh%2BTyeW1xs7slh5pz9Lk3VSXADFl1FPVaEBmh%2B%2BXTqOv1EEtRgaevqlcHYSLKk6OZ356TR3bIrAf9WW3kUFzrujr%2FR9Qz7kpCsgq5uHaSCkIl9Dyit3oBOp1gn2mFLyjcYjHqpMwKcHqMBanwzFv4Sjh4RZL8zOLVSl6Li%2BNdWSSm597XgqfqRLPFts0kG5IOXgBtxL4CkYjgB%2Fh3IFVQKtkfpjt2Wflvqpa4IrxVWdTooi1dsZ9ZYDuBXDbukFJjNSXOy49q4vd7zReIcdNv%2Blx0V10z7%2BZx1aoaukh3wftQAbdHm7Bi%2FeTfKPzDXtN2%2F17VgudSbbRH5P%2FDiSvQ1p1sodweAR2Lc1mbuaXcpmk3bYFKa5To8pOusMP3n89UGOrEBeh7IsLd04xlaK60v3gb3%2FetQod2cEDqI4DGk9BO%2FiN1QuDiWt5PvomiyZICSIZAeC%2BhX8FfUM53ODc2bwlV1tbClhYQDM%2FhIOscsfxpMK6kGiT%2FuMv0fOOlx%2BUsAhp1d2CCHSzE2SH%2Fd4zgKcopwNoOg2XcgmnLm%2BeO8iBb78aAM6ZQtF8hapsg8U2ICD3EPFOhhzDZD3UR9Mn%2BEtlzsQe7lQzZ%2FoVNREOvAOAsUYgsu&X-Amz-SignedHeaders=host&X-Amz-Signature=14024e603f08c21bb2003138a6f64c7f63f2e660a3acec7e02fb4634787588ed,NM-809,2026-09-29 10:07:41 +0000 UTC,replied,,
whatsapp,hanyqandil7,+201116016685,,,listing,,,nora  ashraf,,,,MH-661,2026-09-29 09:07:28 +0000 UTC,read,from_agent,
call,,+201007022092,,,listing,,,nora  ashraf,0,0,,MH-661,2026-09-29 09:06:49 +0000 UTC,sent,,
call,,+201099729007,,,listing,,,Nouran Mohamed,0,0,https://pf-eg-documents.s3.ap-southeast-1.amazonaws.com/calls/2026/09/29/a1d6523fce837d9e4f2f877bf489b1ad.mp3?X-Amz-Algorithm=AWS4-HMAC-SHA256&X-Amz-Credential=ASIAZCUZQZIU4DBRS2PB%2F20260930%2Fap-southeast-1%2Fs3%2Faws4_request&X-Amz-Date=20260930T130048Z&X-Amz-Expires=604800&X-Amz-Security-Token=IQoJb3JpZ2luX2VjEJz%2F%2F%2F%2F%2F%2F%2F%2F%2F%2FwEaDmFwLXNvdXRoZWFzdC0xIkcwRQIhAJHr6v32Yr%2FYwGiXmjFjVtU9Tnwq1GzO5uz%2FZDa9kJm%2BAiAxgWRAaBFiANrVHoVItUoX4cwhiAzWfgvAcrz4ff%2B4AyrDBQhlEAAaDDYyNDE2NTk2NDMyOSIMhZhEzsBe8wugwhIWKqAFFDPcGdFG3vaQGjuBN3Xmr1WPew9fiIR881JRDFoBMFMot%2BXQIqn1kBIEpztjCRf8whicJgVVhdhWkinYo7xu8geX%2F5Ie1kAmbSZxCGVlmFh7y6nhhUI0FzpoAxNTXMxJCR8umQmKSfZO2Az2JhaF8uCBJMHlGMF0Uf8drO0QFa4hczB43OL6ms0TRoMV97yEJd7MTk%2BIyArsxlHZxwKZ1wMkN8MT6JTZuoDhw8syziB0yaY2%2BJzWCr%2FWLcreitePWEEBMf6fMM%2BUCWraJtkX6TNXa5agBnBU32LwwhXQXpMztsloPlpr3oLsn6Jn%2BRy6wsT3gEu5u%2BqMOCeI6ZL8qG2YyGmrJuEUNHUy6SyNaKi4in79uVmYyH95GfiC%2FPsN0XpW8T9axY%2BkgFwuDkqR3QTfWE3tbx1ZdosDnawovRrnC5NXeoV3ULvVJwmaI3bMo%2FkQ%2Bo4ePzy0MQuc10uI7JRsy0e7w7eeapBPwMl%2BJf6eBnjTDINkKrXXLL9%2FsB8YywxFkZGh%2BTyeW1xs7slh5pz9Lk3VSXADFl1FPVaEBmh%2B%2BXTqOv1EEtRgaevqlcHYSLKk6OZ356TR3bIrAf9WW3kUFzrujr%2FR9Qz7kpCsgq5uHaSCkIl9Dyit3oBOp1gn2mFLyjcYjHqpMwKcHqMBanwzFv4Sjh4RZL8zOLVSl6Li%2BNdWSSm597XgqfqRLPFts0kG5IOXgBtxL4CkYjgB%2Fh3IFVQKtkfpjt2Wflvqpa4IrxVWdTooi1dsZ9ZYDuBXDbukFJjNSXOy49q4vd7zReIcdNv%2Blx0V10z7%2BZx1aoaukh3wftQAbdHm7Bi%2FeTfKPzDXtN2%2F17VgudSbbRH5P%2FDiSvQ1p1sodweAR2Lc1mbuaXcpmk3bYFKa5To8pOusMP3n89UGOrEBeh7IsLd04xlaK60v3gb3%2FetQod2cEDqI4DGk9BO%2FiN1QuDiWt5PvomiyZICSIZAeC%2BhX8FfUM53ODc2bwlV1tbClhYQDM%2FhIOscsfxpMK6kGiT%2FuMv0fOOlx%2BUsAhp1d2CCHSzE2SH%2Fd4zgKcopwNoOg2XcgmnLm%2BeO8iBb78aAM6ZQtF8hapsg8U2ICD3EPFOhhzDZD3UR9Mn%2BEtlzsQe7lQzZ%2FoVNREOvAOAsUYgsu&X-Amz-SignedHeaders=host&X-Amz-Signature=91c1c2dfc638082d48cd77c2936a92baaef5f5876cd0622a619e8efbc7d59be9,NM-817,2026-09-29 08:46:16 +0000 UTC,delivered,,
whatsapp,Dima Nabeh  Drak Alsibai,+201099729007,,,listing,,,Ahmed Askar,,,,AA-267,2026-09-29 08:42:07 +0000 UTC,replied,,
call,,+201106329012,,,listing,,,Nouran Mohamed,347,0,https://pf-eg-documents.s3.ap-southeast-1.amazonaws.com/calls/2026/09/29/47435437277c4375678b837c24100f4a.mp3?X-Amz-Algorithm=AWS4-HMAC-SHA256&X-Amz-Credential=ASIAZCUZQZIU4DBRS2PB%2F20260930%2Fap-southeast-1%2Fs3%2Faws4_request&X-Amz-Date=20260930T130048Z&X-Amz-Expires=604800&X-Amz-Security-Token=IQoJb3JpZ2luX2VjEJz%2F%2F%2F%2F%2F%2F%2F%2F%2F%2FwEaDmFwLXNvdXRoZWFzdC0xIkcwRQIhAJHr6v32Yr%2FYwGiXmjFjVtU9Tnwq1GzO5uz%2FZDa9kJm%2BAiAxgWRAaBFiANrVHoVItUoX4cwhiAzWfgvAcrz4ff%2B4AyrDBQhlEAAaDDYyNDE2NTk2NDMyOSIMhZhEzsBe8wugwhIWKqAFFDPcGdFG3vaQGjuBN3Xmr1WPew9fiIR881JRDFoBMFMot%2BXQIqn1kBIEpztjCRf8whicJgVVhdhWkinYo7xu8geX%2F5Ie1kAmbSZxCGVlmFh7y6nhhUI0FzpoAxNTXMxJCR8umQmKSfZO2Az2JhaF8uCBJMHlGMF0Uf8drO0QFa4hczB43OL6ms0TRoMV97yEJd7MTk%2BIyArsxlHZxwKZ1wMkN8MT6JTZuoDhw8syziB0yaY2%2BJzWCr%2FWLcreitePWEEBMf6fMM%2BUCWraJtkX6TNXa5agBnBU32LwwhXQXpMztsloPlpr3oLsn6Jn%2BRy6wsT3gEu5u%2BqMOCeI6ZL8qG2YyGmrJuEUNHUy6SyNaKi4in79uVmYyH95GfiC%2FPsN0XpW8T9axY%2BkgFwuDkqR3QTfWE3tbx1ZdosDnawovRrnC5NXeoV3ULvVJwmaI3bMo%2FkQ%2Bo4ePzy0MQuc10uI7JRsy0e7w7eeapBPwMl%2BJf6eBnjTDINkKrXXLL9%2FsB8YywxFkZGh%2BTyeW1xs7slh5pz9Lk3VSXADFl1FPVaEBmh%2B%2BXTqOv1EEtRgaevqlcHYSLKk6OZ356TR3bIrAf9WW3kUFzrujr%2FR9Qz7kpCsgq5uHaSCkIl9Dyit3oBOp1gn2mFLyjcYjHqpMwKcHqMBanwzFv4Sjh4RZL8zOLVSl6Li%2BNdWSSm597XgqfqRLPFts0kG5IOXgBtxL4CkYjgB%2Fh3IFVQKtkfpjt2Wflvqpa4IrxVWdTooi1dsZ9ZYDuBXDbukFJjNSXOy49q4vd7zReIcdNv%2Blx0V10z7%2BZx1aoaukh3wftQAbdHm7Bi%2FeTfKPzDXtN2%2F17VgudSbbRH5P%2FDiSvQ1p1sodweAR2Lc1mbuaXcpmk3bYFKa5To8pOusMP3n89UGOrEBeh7IsLd04xlaK60v3gb3%2FetQod2cEDqI4DGk9BO%2FiN1QuDiWt5PvomiyZICSIZAeC%2BhX8FfUM53ODc2bwlV1tbClhYQDM%2FhIOscsfxpMK6kGiT%2FuMv0fOOlx%2BUsAhp1d2CCHSzE2SH%2Fd4zgKcopwNoOg2XcgmnLm%2BeO8iBb78aAM6ZQtF8hapsg8U2ICD3EPFOhhzDZD3UR9Mn%2BEtlzsQe7lQzZ%2FoVNREOvAOAsUYgsu&X-Amz-SignedHeaders=host&X-Amz-Signature=6ba92817d0e30f729e9b126a4a96b33d1411e95311fa5eedf59eb5295a92a286,NM-754,2026-09-29 08:34:03 +0000 UTC,replied,,
call,,+20226215854,,,listing,,,Nouran Mohamed,0,0,https://pf-eg-documents.s3.ap-southeast-1.amazonaws.com/calls/2026/09/29/999a0c072cc1482f3d000ea5d76ed03f.mp3?X-Amz-Algorithm=AWS4-HMAC-SHA256&X-Amz-Credential=ASIAZCUZQZIU4DBRS2PB%2F20260930%2Fap-southeast-1%2Fs3%2Faws4_request&X-Amz-Date=20260930T130048Z&X-Amz-Expires=604800&X-Amz-Security-Token=IQoJb3JpZ2luX2VjEJz%2F%2F%2F%2F%2F%2F%2F%2F%2F%2FwEaDmFwLXNvdXRoZWFzdC0xIkcwRQIhAJHr6v32Yr%2FYwGiXmjFjVtU9Tnwq1GzO5uz%2FZDa9kJm%2BAiAxgWRAaBFiANrVHoVItUoX4cwhiAzWfgvAcrz4ff%2B4AyrDBQhlEAAaDDYyNDE2NTk2NDMyOSIMhZhEzsBe8wugwhIWKqAFFDPcGdFG3vaQGjuBN3Xmr1WPew9fiIR881JRDFoBMFMot%2BXQIqn1kBIEpztjCRf8whicJgVVhdhWkinYo7xu8geX%2F5Ie1kAmbSZxCGVlmFh7y6nhhUI0FzpoAxNTXMxJCR8umQmKSfZO2Az2JhaF8uCBJMHlGMF0Uf8drO0QFa4hczB43OL6ms0TRoMV97yEJd7MTk%2BIyArsxlHZxwKZ1wMkN8MT6JTZuoDhw8syziB0yaY2%2BJzWCr%2FWLcreitePWEEBMf6fMM%2BUCWraJtkX6TNXa5agBnBU32LwwhXQXpMztsloPlpr3oLsn6Jn%2BRy6wsT3gEu5u%2BqMOCeI6ZL8qG2YyGmrJuEUNHUy6SyNaKi4in79uVmYyH95GfiC%2FPsN0XpW8T9axY%2BkgFwuDkqR3QTfWE3tbx1ZdosDnawovRrnC5NXeoV3ULvVJwmaI3bMo%2FkQ%2Bo4ePzy0MQuc10uI7JRsy0e7w7eeapBPwMl%2BJf6eBnjTDINkKrXXLL9%2FsB8YywxFkZGh%2BTyeW1xs7slh5pz9Lk3VSXADFl1FPVaEBmh%2B%2BXTqOv1EEtRgaevqlcHYSLKk6OZ356TR3bIrAf9WW3kUFzrujr%2FR9Qz7kpCsgq5uHaSCkIl9Dyit3oBOp1gn2mFLyjcYjHqpMwKcHqMBanwzFv4Sjh4RZL8zOLVSl6Li%2BNdWSSm597XgqfqRLPFts0kG5IOXgBtxL4CkYjgB%2Fh3IFVQKtkfpjt2Wflvqpa4IrxVWdTooi1dsZ9ZYDuBXDbukFJjNSXOy49q4vd7zReIcdNv%2Blx0V10z7%2BZx1aoaukh3wftQAbdHm7Bi%2FeTfKPzDXtN2%2F17VgudSbbRH5P%2FDiSvQ1p1sodweAR2Lc1mbuaXcpmk3bYFKa5To8pOusMP3n89UGOrEBeh7IsLd04xlaK60v3gb3%2FetQod2cEDqI4DGk9BO%2FiN1QuDiWt5PvomiyZICSIZAeC%2BhX8FfUM53ODc2bwlV1tbClhYQDM%2FhIOscsfxpMK6kGiT%2FuMv0fOOlx%2BUsAhp1d2CCHSzE2SH%2Fd4zgKcopwNoOg2XcgmnLm%2BeO8iBb78aAM6ZQtF8hapsg8U2ICD3EPFOhhzDZD3UR9Mn%2BEtlzsQe7lQzZ%2FoVNREOvAOAsUYgsu&X-Amz-SignedHeaders=host&X-Amz-Signature=b264e406ed5d971e180af1db9083dea227b7830c3a3bb8cae25a2f5c983d82f1,NM-827,2026-09-29 08:31:53 +0000 UTC,delivered,,
whatsapp,Samir,+249111899999,,,listing,,,Shrouk Yahia,,,,SY-4025,2026-09-29 08:15:32 +0000 UTC,replied,,
call,,+201099729007,,,listing,,,Noura Abo Al Naga,38,0,https://pf-eg-documents.s3.ap-southeast-1.amazonaws.com/calls/2026/09/29/f765cdaaafeacf71286139f4cfaf986e.mp3?X-Amz-Algorithm=AWS4-HMAC-SHA256&X-Amz-Credential=ASIAZCUZQZIU4DBRS2PB%2F20260930%2Fap-southeast-1%2Fs3%2Faws4_request&X-Amz-Date=20260930T130048Z&X-Amz-Expires=604800&X-Amz-Security-Token=IQoJb3JpZ2luX2VjEJz%2F%2F%2F%2F%2F%2F%2F%2F%2F%2FwEaDmFwLXNvdXRoZWFzdC0xIkcwRQIhAJHr6v32Yr%2FYwGiXmjFjVtU9Tnwq1GzO5uz%2FZDa9kJm%2BAiAxgWRAaBFiANrVHoVItUoX4cwhiAzWfgvAcrz4ff%2B4AyrDBQhlEAAaDDYyNDE2NTk2NDMyOSIMhZhEzsBe8wugwhIWKqAFFDPcGdFG3vaQGjuBN3Xmr1WPew9fiIR881JRDFoBMFMot%2BXQIqn1kBIEpztjCRf8whicJgVVhdhWkinYo7xu8geX%2F5Ie1kAmbSZxCGVlmFh7y6nhhUI0FzpoAxNTXMxJCR8umQmKSfZO2Az2JhaF8uCBJMHlGMF0Uf8drO0QFa4hczB43OL6ms0TRoMV97yEJd7MTk%2BIyArsxlHZxwKZ1wMkN8MT6JTZuoDhw8syziB0yaY2%2BJzWCr%2FWLcreitePWEEBMf6fMM%2BUCWraJtkX6TNXa5agBnBU32LwwhXQXpMztsloPlpr3oLsn6Jn%2BRy6wsT3gEu5u%2BqMOCeI6ZL8qG2YyGmrJuEUNHUy6SyNaKi4in79uVmYyH95GfiC%2FPsN0XpW8T9axY%2BkgFwuDkqR3QTfWE3tbx1ZdosDnawovRrnC5NXeoV3ULvVJwmaI3bMo%2FkQ%2Bo4ePzy0MQuc10uI7JRsy0e7w7eeapBPwMl%2BJf6eBnjTDINkKrXXLL9%2FsB8YywxFkZGh%2BTyeW1xs7slh5pz9Lk3VSXADFl1FPVaEBmh%2B%2BXTqOv1EEtRgaevqlcHYSLKk6OZ356TR3bIrAf9WW3kUFzrujr%2FR9Qz7kpCsgq5uHaSCkIl9Dyit3oBOp1gn2mFLyjcYjHqpMwKcHqMBanwzFv4Sjh4RZL8zOLVSl6Li%2BNdWSSm597XgqfqRLPFts0kG5IOXgBtxL4CkYjgB%2Fh3IFVQKtkfpjt2Wflvqpa4IrxVWdTooi1dsZ9ZYDuBXDbukFJjNSXOy49q4vd7zReIcdNv%2Blx0V10z7%2BZx1aoaukh3wftQAbdHm7Bi%2FeTfKPzDXtN2%2F17VgudSbbRH5P%2FDiSvQ1p1sodweAR2Lc1mbuaXcpmk3bYFKa5To8pOusMP3n89UGOrEBeh7IsLd04xlaK60v3gb3%2FetQod2cEDqI4DGk9BO%2FiN1QuDiWt5PvomiyZICSIZAeC%2BhX8FfUM53ODc2bwlV1tbClhYQDM%2FhIOscsfxpMK6kGiT%2FuMv0fOOlx%2BUsAhp1d2CCHSzE2SH%2Fd4zgKcopwNoOg2XcgmnLm%2BeO8iBb78aAM6ZQtF8hapsg8U2ICD3EPFOhhzDZD3UR9Mn%2BEtlzsQe7lQzZ%2FoVNREOvAOAsUYgsu&X-Amz-SignedHeaders=host&X-Amz-Signature=13dd90fc3a6366b6322e0792f8bf0b44ac490c811c6ff2c766931806a4d33b4a,N_1292,2026-09-29 08:15:04 +0000 UTC,replied,,
whatsapp,Dima Nabeh  Drak Alsibai,+201099729007,,,listing,,,Moahmed Salah,,,,MS-1132,2026-09-29 08:09:52 +0000 UTC,replied,,
call,,+201099729007,,,listing,,,Moahmed Salah,0,0,https://pf-eg-documents.s3.ap-southeast-1.amazonaws.com/calls/2026/09/29/45a7a20b8bc5a80995f582d25e46e107.mp3?X-Amz-Algorithm=AWS4-HMAC-SHA256&X-Amz-Credential=ASIAZCUZQZIU4DBRS2PB%2F20260930%2Fap-southeast-1%2Fs3%2Faws4_request&X-Amz-Date=20260930T130048Z&X-Amz-Expires=604800&X-Amz-Security-Token=IQoJb3JpZ2luX2VjEJz%2F%2F%2F%2F%2F%2F%2F%2F%2F%2FwEaDmFwLXNvdXRoZWFzdC0xIkcwRQIhAJHr6v32Yr%2FYwGiXmjFjVtU9Tnwq1GzO5uz%2FZDa9kJm%2BAiAxgWRAaBFiANrVHoVItUoX4cwhiAzWfgvAcrz4ff%2B4AyrDBQhlEAAaDDYyNDE2NTk2NDMyOSIMhZhEzsBe8wugwhIWKqAFFDPcGdFG3vaQGjuBN3Xmr1WPew9fiIR881JRDFoBMFMot%2BXQIqn1kBIEpztjCRf8whicJgVVhdhWkinYo7xu8geX%2F5Ie1kAmbSZxCGVlmFh7y6nhhUI0FzpoAxNTXMxJCR8umQmKSfZO2Az2JhaF8uCBJMHlGMF0Uf8drO0QFa4hczB43OL6ms0TRoMV97yEJd7MTk%2BIyArsxlHZxwKZ1wMkN8MT6JTZuoDhw8syziB0yaY2%2BJzWCr%2FWLcreitePWEEBMf6fMM%2BUCWraJtkX6TNXa5agBnBU32LwwhXQXpMztsloPlpr3oLsn6Jn%2BRy6wsT3gEu5u%2BqMOCeI6ZL8qG2YyGmrJuEUNHUy6SyNaKi4in79uVmYyH95GfiC%2FPsN0XpW8T9axY%2BkgFwuDkqR3QTfWE3tbx1ZdosDnawovRrnC5NXeoV3ULvVJwmaI3bMo%2FkQ%2Bo4ePzy0MQuc10uI7JRsy0e7w7eeapBPwMl%2BJf6eBnjTDINkKrXXLL9%2FsB8YywxFkZGh%2BTyeW1xs7slh5pz9Lk3VSXADFl1FPVaEBmh%2B%2BXTqOv1EEtRgaevqlcHYSLKk6OZ356TR3bIrAf9WW3kUFzrujr%2FR9Qz7kpCsgq5uHaSCkIl9Dyit3oBOp1gn2mFLyjcYjHqpMwKcHqMBanwzFv4Sjh4RZL8zOLVSl6Li%2BNdWSSm597XgqfqRLPFts0kG5IOXgBtxL4CkYjgB%2Fh3IFVQKtkfpjt2Wflvqpa4IrxVWdTooi1dsZ9ZYDuBXDbukFJjNSXOy49q4vd7zReIcdNv%2Blx0V10z7%2BZx1aoaukh3wftQAbdHm7Bi%2FeTfKPzDXtN2%2F17VgudSbbRH5P%2FDiSvQ1p1sodweAR2Lc1mbuaXcpmk3bYFKa5To8pOusMP3n89UGOrEBeh7IsLd04xlaK60v3gb3%2FetQod2cEDqI4DGk9BO%2FiN1QuDiWt5PvomiyZICSIZAeC%2BhX8FfUM53ODc2bwlV1tbClhYQDM%2FhIOscsfxpMK6kGiT%2FuMv0fOOlx%2BUsAhp1d2CCHSzE2SH%2Fd4zgKcopwNoOg2XcgmnLm%2BeO8iBb78aAM6ZQtF8hapsg8U2ICD3EPFOhhzDZD3UR9Mn%2BEtlzsQe7lQzZ%2FoVNREOvAOAsUYgsu&X-Amz-SignedHeaders=host&X-Amz-Signature=b2dd8656fa670a851e1a4175aa26953b12f6eff392ff6621edcb1aae72935b94,MS-1132,2026-09-29 08:07:38 +0000 UTC,delivered,,
whatsapp,Samir,+249111899999,,,listing,,,Mohamed Megahed,,,,MZ-731,2026-09-29 07:54:28 +0000 UTC,replied,,
whatsapp,Samir,+249111899999,,,listing,,,yasmine  Mohamed,,,,YM-177,2026-09-29 07:50:38 +0000 UTC,replied,,
whatsapp,Assem Sherif,+201159648034,,3assem97,listing,,,Ahmed Askar,,,,AA-220,2026-09-29 07:50:31 +0000 UTC,replied,,
call,,+201200977195,,,listing,,,Ahmed Askar,0,0,,AA-142,2026-09-29 07:47:26 +0000 UTC,sent,,
call,,+201094106368,,,listing,,,Ahmed Askar,0,0,https://pf-eg-documents.s3.ap-southeast-1.amazonaws.com/calls/2026/09/29/864c54bceee736995108caa3e8a879e1.mp3?X-Amz-Algorithm=AWS4-HMAC-SHA256&X-Amz-Credential=ASIAZCUZQZIU4DBRS2PB%2F20260930%2Fap-southeast-1%2Fs3%2Faws4_request&X-Amz-Date=20260930T130048Z&X-Amz-Expires=604800&X-Amz-Security-Token=IQoJb3JpZ2luX2VjEJz%2F%2F%2F%2F%2F%2F%2F%2F%2F%2FwEaDmFwLXNvdXRoZWFzdC0xIkcwRQIhAJHr6v32Yr%2FYwGiXmjFjVtU9Tnwq1GzO5uz%2FZDa9kJm%2BAiAxgWRAaBFiANrVHoVItUoX4cwhiAzWfgvAcrz4ff%2B4AyrDBQhlEAAaDDYyNDE2NTk2NDMyOSIMhZhEzsBe8wugwhIWKqAFFDPcGdFG3vaQGjuBN3Xmr1WPew9fiIR881JRDFoBMFMot%2BXQIqn1kBIEpztjCRf8whicJgVVhdhWkinYo7xu8geX%2F5Ie1kAmbSZxCGVlmFh7y6nhhUI0FzpoAxNTXMxJCR8umQmKSfZO2Az2JhaF8uCBJMHlGMF0Uf8drO0QFa4hczB43OL6ms0TRoMV97yEJd7MTk%2BIyArsxlHZxwKZ1wMkN8MT6JTZuoDhw8syziB0yaY2%2BJzWCr%2FWLcreitePWEEBMf6fMM%2BUCWraJtkX6TNXa5agBnBU32LwwhXQXpMztsloPlpr3oLsn6Jn%2BRy6wsT3gEu5u%2BqMOCeI6ZL8qG2YyGmrJuEUNHUy6SyNaKi4in79uVmYyH95GfiC%2FPsN0XpW8T9axY%2BkgFwuDkqR3QTfWE3tbx1ZdosDnawovRrnC5NXeoV3ULvVJwmaI3bMo%2FkQ%2Bo4ePzy0MQuc10uI7JRsy0e7w7eeapBPwMl%2BJf6eBnjTDINkKrXXLL9%2FsB8YywxFkZGh%2BTyeW1xs7slh5pz9Lk3VSXADFl1FPVaEBmh%2B%2BXTqOv1EEtRgaevqlcHYSLKk6OZ356TR3bIrAf9WW3kUFzrujr%2FR9Qz7kpCsgq5uHaSCkIl9Dyit3oBOp1gn2mFLyjcYjHqpMwKcHqMBanwzFv4Sjh4RZL8zOLVSl6Li%2BNdWSSm597XgqfqRLPFts0kG5IOXgBtxL4CkYjgB%2Fh3IFVQKtkfpjt2Wflvqpa4IrxVWdTooi1dsZ9ZYDuBXDbukFJjNSXOy49q4vd7zReIcdNv%2Blx0V10z7%2BZx1aoaukh3wftQAbdHm7Bi%2FeTfKPzDXtN2%2F17VgudSbbRH5P%2FDiSvQ1p1sodweAR2Lc1mbuaXcpmk3bYFKa5To8pOusMP3n89UGOrEBeh7IsLd04xlaK60v3gb3%2FetQod2cEDqI4DGk9BO%2FiN1QuDiWt5PvomiyZICSIZAeC%2BhX8FfUM53ODc2bwlV1tbClhYQDM%2FhIOscsfxpMK6kGiT%2FuMv0fOOlx%2BUsAhp1d2CCHSzE2SH%2Fd4zgKcopwNoOg2XcgmnLm%2BeO8iBb78aAM6ZQtF8hapsg8U2ICD3EPFOhhzDZD3UR9Mn%2BEtlzsQe7lQzZ%2FoVNREOvAOAsUYgsu&X-Amz-SignedHeaders=host&X-Amz-Signature=08b26a0c512210c9bff1dc5c235903a35d5320e8cc5fda96aafa91076147d5ef,AA-217,2026-09-29 07:46:30 +0000 UTC,delivered,,
call,,+201159648034,,,listing,,,Ahmed Askar,92,0,https://pf-eg-documents.s3.ap-southeast-1.amazonaws.com/calls/2026/09/29/13a2545681549951599cfa50318ad82d.mp3?X-Amz-Algorithm=AWS4-HMAC-SHA256&X-Amz-Credential=ASIAZCUZQZIU4DBRS2PB%2F20260930%2Fap-southeast-1%2Fs3%2Faws4_request&X-Amz-Date=20260930T130048Z&X-Amz-Expires=604800&X-Amz-Security-Token=IQoJb3JpZ2luX2VjEJz%2F%2F%2F%2F%2F%2F%2F%2F%2F%2FwEaDmFwLXNvdXRoZWFzdC0xIkcwRQIhAJHr6v32Yr%2FYwGiXmjFjVtU9Tnwq1GzO5uz%2FZDa9kJm%2BAiAxgWRAaBFiANrVHoVItUoX4cwhiAzWfgvAcrz4ff%2B4AyrDBQhlEAAaDDYyNDE2NTk2NDMyOSIMhZhEzsBe8wugwhIWKqAFFDPcGdFG3vaQGjuBN3Xmr1WPew9fiIR881JRDFoBMFMot%2BXQIqn1kBIEpztjCRf8whicJgVVhdhWkinYo7xu8geX%2F5Ie1kAmbSZxCGVlmFh7y6nhhUI0FzpoAxNTXMxJCR8umQmKSfZO2Az2JhaF8uCBJMHlGMF0Uf8drO0QFa4hczB43OL6ms0TRoMV97yEJd7MTk%2BIyArsxlHZxwKZ1wMkN8MT6JTZuoDhw8syziB0yaY2%2BJzWCr%2FWLcreitePWEEBMf6fMM%2BUCWraJtkX6TNXa5agBnBU32LwwhXQXpMztsloPlpr3oLsn6Jn%2BRy6wsT3gEu5u%2BqMOCeI6ZL8qG2YyGmrJuEUNHUy6SyNaKi4in79uVmYyH95GfiC%2FPsN0XpW8T9axY%2BkgFwuDkqR3QTfWE3tbx1ZdosDnawovRrnC5NXeoV3ULvVJwmaI3bMo%2FkQ%2Bo4ePzy0MQuc10uI7JRsy0e7w7eeapBPwMl%2BJf6eBnjTDINkKrXXLL9%2FsB8YywxFkZGh%2BTyeW1xs7slh5pz9Lk3VSXADFl1FPVaEBmh%2B%2BXTqOv1EEtRgaevqlcHYSLKk6OZ356TR3bIrAf9WW3kUFzrujr%2FR9Qz7kpCsgq5uHaSCkIl9Dyit3oBOp1gn2mFLyjcYjHqpMwKcHqMBanwzFv4Sjh4RZL8zOLVSl6Li%2BNdWSSm597XgqfqRLPFts0kG5IOXgBtxL4CkYjgB%2Fh3IFVQKtkfpjt2Wflvqpa4IrxVWdTooi1dsZ9ZYDuBXDbukFJjNSXOy49q4vd7zReIcdNv%2Blx0V10z7%2BZx1aoaukh3wftQAbdHm7Bi%2FeTfKPzDXtN2%2F17VgudSbbRH5P%2FDiSvQ1p1sodweAR2Lc1mbuaXcpmk3bYFKa5To8pOusMP3n89UGOrEBeh7IsLd04xlaK60v3gb3%2FetQod2cEDqI4DGk9BO%2FiN1QuDiWt5PvomiyZICSIZAeC%2BhX8FfUM53ODc2bwlV1tbClhYQDM%2FhIOscsfxpMK6kGiT%2FuMv0fOOlx%2BUsAhp1d2CCHSzE2SH%2Fd4zgKcopwNoOg2XcgmnLm%2BeO8iBb78aAM6ZQtF8hapsg8U2ICD3EPFOhhzDZD3UR9Mn%2BEtlzsQe7lQzZ%2FoVNREOvAOAsUYgsu&X-Amz-SignedHeaders=host&X-Amz-Signature=f525d0ba962870587b21a4d42a585ee0fdfc10e9e31070e7cd3c654f66c2edf0,AA-220,2026-09-29 07:45:47 +0000 UTC,replied,,
call,,+201159648034,,,listing,,,Ahmed Askar,0,0,,AA-220,2026-09-29 07:44:21 +0000 UTC,sent,,
whatsapp,Leila 🐰,+491797292417,,,listing,,,yasmine  Mohamed,,,,YM-190,2026-09-29 06:43:51 +0000 UTC,read,,
whatsapp,Heidi Rashad,+201141455003,,,listing,,,yasmine  Mohamed,,,,YM-178,2026-09-29 06:11:07 +0000 UTC,replied,,
whatsapp,Nanna🤍,+201117119797,,Nanna9797,listing,,,Baraa Mohamed,,,,BM-271,2026-09-29 05:36:24 +0000 UTC,read,,
whatsapp,🏠,+201036991904,,,listing,,,yasmine  Mohamed,,,,YM-190,2026-09-29 03:48:34 +0000 UTC,read,,
whatsapp, M,+201205654590,,Marleen_3,listing,,,yasmine  Mohamed,,,,YM-316,2026-09-29 02:50:27 +0000 UTC,read,,
whatsapp,Dr 3atef Clinic,+201009977126,,,listing,,,yasmine  Mohamed,,,,YM-302,2026-09-29 00:38:56 +0000 UTC,read,,
whatsapp,Dr 3atef Clinic,+201009977126,,,listing,,,Baraa Mohamed,,,,BM-272,2026-09-29 00:26:41 +0000 UTC,read,,
whatsapp,Dr 3atef Clinic,+201009977126,,,listing,,,yasmine  Mohamed,,,,YM-178,2026-09-29 00:09:43 +0000 UTC,read,,
whatsapp,Amany,+201019161497,,,listing,,,Mahmoud Mehrezy,,,,MZM-616,2026-09-28 23:15:55 +0000 UTC,replied,from_agent,
whatsapp,أحمد,+96597455755,,,listing,,,nora  ashraf,,,,MH-3320,2026-09-28 22:36:41 +0000 UTC,read,,
whatsapp,Ahmed Mohamed Massoud,+971569702353,,,listing,,,Shrouk Yahia,,,,SY-3098,2026-09-28 22:20:07 +0000 UTC,replied,,
whatsapp,raniaalidessouky,+201554055393,,,listing,,,yasmine  Mohamed,,,,YM-178,2026-09-28 22:05:35 +0000 UTC,read,,
whatsapp,Prime home investment,+201019133718,,,listing,,,Donia M,,,,DM-1099,2026-09-28 21:46:33 +0000 UTC,replied,,
call,,+201008446561,,,listing,,,Mohamed Dowad,138,0,https://pf-eg-documents.s3.ap-southeast-1.amazonaws.com/calls/2026/09/28/82df35ad4a3770538399525d01009463.mp3?X-Amz-Algorithm=AWS4-HMAC-SHA256&X-Amz-Credential=ASIAZCUZQZIU4DBRS2PB%2F20260930%2Fap-southeast-1%2Fs3%2Faws4_request&X-Amz-Date=20260930T130048Z&X-Amz-Expires=604800&X-Amz-Security-Token=IQoJb3JpZ2luX2VjEJz%2F%2F%2F%2F%2F%2F%2F%2F%2F%2FwEaDmFwLXNvdXRoZWFzdC0xIkcwRQIhAJHr6v32Yr%2FYwGiXmjFjVtU9Tnwq1GzO5uz%2FZDa9kJm%2BAiAxgWRAaBFiANrVHoVItUoX4cwhiAzWfgvAcrz4ff%2B4AyrDBQhlEAAaDDYyNDE2NTk2NDMyOSIMhZhEzsBe8wugwhIWKqAFFDPcGdFG3vaQGjuBN3Xmr1WPew9fiIR881JRDFoBMFMot%2BXQIqn1kBIEpztjCRf8whicJgVVhdhWkinYo7xu8geX%2F5Ie1kAmbSZxCGVlmFh7y6nhhUI0FzpoAxNTXMxJCR8umQmKSfZO2Az2JhaF8uCBJMHlGMF0Uf8drO0QFa4hczB43OL6ms0TRoMV97yEJd7MTk%2BIyArsxlHZxwKZ1wMkN8MT6JTZuoDhw8syziB0yaY2%2BJzWCr%2FWLcreitePWEEBMf6fMM%2BUCWraJtkX6TNXa5agBnBU32LwwhXQXpMztsloPlpr3oLsn6Jn%2BRy6wsT3gEu5u%2BqMOCeI6ZL8qG2YyGmrJuEUNHUy6SyNaKi4in79uVmYyH95GfiC%2FPsN0XpW8T9axY%2BkgFwuDkqR3QTfWE3tbx1ZdosDnawovRrnC5NXeoV3ULvVJwmaI3bMo%2FkQ%2Bo4ePzy0MQuc10uI7JRsy0e7w7eeapBPwMl%2BJf6eBnjTDINkKrXXLL9%2FsB8YywxFkZGh%2BTyeW1xs7slh5pz9Lk3VSXADFl1FPVaEBmh%2B%2BXTqOv1EEtRgaevqlcHYSLKk6OZ356TR3bIrAf9WW3kUFzrujr%2FR9Qz7kpCsgq5uHaSCkIl9Dyit3oBOp1gn2mFLyjcYjHqpMwKcHqMBanwzFv4Sjh4RZL8zOLVSl6Li%2BNdWSSm597XgqfqRLPFts0kG5IOXgBtxL4CkYjgB%2Fh3IFVQKtkfpjt2Wflvqpa4IrxVWdTooi1dsZ9ZYDuBXDbukFJjNSXOy49q4vd7zReIcdNv%2Blx0V10z7%2BZx1aoaukh3wftQAbdHm7Bi%2FeTfKPzDXtN2%2F17VgudSbbRH5P%2FDiSvQ1p1sodweAR2Lc1mbuaXcpmk3bYFKa5To8pOusMP3n89UGOrEBeh7IsLd04xlaK60v3gb3%2FetQod2cEDqI4DGk9BO%2FiN1QuDiWt5PvomiyZICSIZAeC%2BhX8FfUM53ODc2bwlV1tbClhYQDM%2FhIOscsfxpMK6kGiT%2FuMv0fOOlx%2BUsAhp1d2CCHSzE2SH%2Fd4zgKcopwNoOg2XcgmnLm%2BeO8iBb78aAM6ZQtF8hapsg8U2ICD3EPFOhhzDZD3UR9Mn%2BEtlzsQe7lQzZ%2FoVNREOvAOAsUYgsu&X-Amz-SignedHeaders=host&X-Amz-Signature=dc21fce7ff1428791fbf0f274d2f43cd83b47de60b48c2bd23d6e85e784e9ec3,MD-305,2026-09-28 21:41:15 +0000 UTC,replied,,
whatsapp,Prime home investment,+201019133718,,,listing,,,Ahmed Askar,,,,AA-219,2026-09-28 21:40:20 +0000 UTC,replied,,
call,,+201008446561,,,listing,,,Mohamed Megahed,0,0,,MZ-732,2026-09-28 21:39:56 +0000 UTC,sent,,
whatsapp,Prime home investment,+201019133718,,,listing,,,Moahmed Salah,,,,MS-988,2026-09-28 21:36:47 +0000 UTC,replied,,
whatsapp,اللهم احفظ لي اولادي,+201508274564,,,listing,,,Moahmed Salah,,,,MS-1132,2026-09-28 21:33:29 +0000 UTC,replied,,
whatsapp,د.محمد عبد الصمد,+201005765544,,,listing,,,Mahmoud Mehrezy,,,,MZM-620,2026-09-28 21:30:04 +0000 UTC,read,,
whatsapp,عطاره البيت اليمني الطالبه,+201097580485,,,listing,,,nora  ashraf,,,,MSH_114,2026-09-28 21:15:42 +0000 UTC,read,,
call,,+201507744772,,,listing,,,nora  ashraf,0,0,,MSH_114,2026-09-28 21:15:24 +0000 UTC,sent,,
call,,+201066121219,,,listing,,,Mohamed Dowad,242,0,https://pf-eg-documents.s3.ap-southeast-1.amazonaws.com/calls/2026/09/28/adfa73284e960c786bb2460c0701c2b0.mp3?X-Amz-Algorithm=AWS4-HMAC-SHA256&X-Amz-Credential=ASIAZCUZQZIU4DBRS2PB%2F20260930%2Fap-southeast-1%2Fs3%2Faws4_request&X-Amz-Date=20260930T130048Z&X-Amz-Expires=604800&X-Amz-Security-Token=IQoJb3JpZ2luX2VjEJz%2F%2F%2F%2F%2F%2F%2F%2F%2F%2FwEaDmFwLXNvdXRoZWFzdC0xIkcwRQIhAJHr6v32Yr%2FYwGiXmjFjVtU9Tnwq1GzO5uz%2FZDa9kJm%2BAiAxgWRAaBFiANrVHoVItUoX4cwhiAzWfgvAcrz4ff%2B4AyrDBQhlEAAaDDYyNDE2NTk2NDMyOSIMhZhEzsBe8wugwhIWKqAFFDPcGdFG3vaQGjuBN3Xmr1WPew9fiIR881JRDFoBMFMot%2BXQIqn1kBIEpztjCRf8whicJgVVhdhWkinYo7xu8geX%2F5Ie1kAmbSZxCGVlmFh7y6nhhUI0FzpoAxNTXMxJCR8umQmKSfZO2Az2JhaF8uCBJMHlGMF0Uf8drO0QFa4hczB43OL6ms0TRoMV97yEJd7MTk%2BIyArsxlHZxwKZ1wMkN8MT6JTZuoDhw8syziB0yaY2%2BJzWCr%2FWLcreitePWEEBMf6fMM%2BUCWraJtkX6TNXa5agBnBU32LwwhXQXpMztsloPlpr3oLsn6Jn%2BRy6wsT3gEu5u%2BqMOCeI6ZL8qG2YyGmrJuEUNHUy6SyNaKi4in79uVmYyH95GfiC%2FPsN0XpW8T9axY%2BkgFwuDkqR3QTfWE3tbx1ZdosDnawovRrnC5NXeoV3ULvVJwmaI3bMo%2FkQ%2Bo4ePzy0MQuc10uI7JRsy0e7w7eeapBPwMl%2BJf6eBnjTDINkKrXXLL9%2FsB8YywxFkZGh%2BTyeW1xs7slh5pz9Lk3VSXADFl1FPVaEBmh%2B%2BXTqOv1EEtRgaevqlcHYSLKk6OZ356TR3bIrAf9WW3kUFzrujr%2FR9Qz7kpCsgq5uHaSCkIl9Dyit3oBOp1gn2mFLyjcYjHqpMwKcHqMBanwzFv4Sjh4RZL8zOLVSl6Li%2BNdWSSm597XgqfqRLPFts0kG5IOXgBtxL4CkYjgB%2Fh3IFVQKtkfpjt2Wflvqpa4IrxVWdTooi1dsZ9ZYDuBXDbukFJjNSXOy49q4vd7zReIcdNv%2Blx0V10z7%2BZx1aoaukh3wftQAbdHm7Bi%2FeTfKPzDXtN2%2F17VgudSbbRH5P%2FDiSvQ1p1sodweAR2Lc1mbuaXcpmk3bYFKa5To8pOusMP3n89UGOrEBeh7IsLd04xlaK60v3gb3%2FetQod2cEDqI4DGk9BO%2FiN1QuDiWt5PvomiyZICSIZAeC%2BhX8FfUM53ODc2bwlV1tbClhYQDM%2FhIOscsfxpMK6kGiT%2FuMv0fOOlx%2BUsAhp1d2CCHSzE2SH%2Fd4zgKcopwNoOg2XcgmnLm%2BeO8iBb78aAM6ZQtF8hapsg8U2ICD3EPFOhhzDZD3UR9Mn%2BEtlzsQe7lQzZ%2FoVNREOvAOAsUYgsu&X-Amz-SignedHeaders=host&X-Amz-Signature=f189bcb55606161a939c6874d465dd585bd2ca9d6abd7091561c67950298a82b,MD-302,2026-09-28 21:11:04 +0000 UTC,replied,,
call,,+201117375654,,,listing,,,Baraa Mohamed,0,0,,BM-277,2026-09-28 20:36:21 +0000 UTC,sent,,
whatsapp,Zeyad,+201152888420,,,listing,,,Baraa Mohamed,,,,BM-257,2026-09-28 20:36:08 +0000 UTC,read,,
call,,+201154565065,,,listing,,,Mohamed Waly,0,0,,EM-1264,2026-09-28 20:06:57 +0000 UTC,sent,,
whatsapp,Nora,+17043712005,,,listing,,,Anan Magdy,,,,AM-781,2026-09-28 19:55:11 +0000 UTC,delivered,,
whatsapp,Nora,+17043712005,,,listing,,,Anan Magdy,,,,AM-781,2026-09-28 19:27:38 +0000 UTC,delivered,,
whatsapp,Ahmed Salah Youssef,+201272517650,,ahmed.salah.youssef,listing,,,yasmine  Mohamed,,,,YM-179,2026-09-28 19:21:53 +0000 UTC,read,,
whatsapp,Zeyad,+201152888420,,,listing,,,Mohamed Megahed,,,,MZ-719,2026-09-28 19:12:38 +0000 UTC,read,,
call,,+201226322322,,,listing,,,AbdElRahman Mohamed,0,0,https://pf-eg-documents.s3.ap-southeast-1.amazonaws.com/calls/2026/09/28/20dd1442535bd06cf9cb181a8b7ee6dd.mp3?X-Amz-Algorithm=AWS4-HMAC-SHA256&X-Amz-Credential=ASIAZCUZQZIU4DBRS2PB%2F20260930%2Fap-southeast-1%2Fs3%2Faws4_request&X-Amz-Date=20260930T130048Z&X-Amz-Expires=604800&X-Amz-Security-Token=IQoJb3JpZ2luX2VjEJz%2F%2F%2F%2F%2F%2F%2F%2F%2F%2FwEaDmFwLXNvdXRoZWFzdC0xIkcwRQIhAJHr6v32Yr%2FYwGiXmjFjVtU9Tnwq1GzO5uz%2FZDa9kJm%2BAiAxgWRAaBFiANrVHoVItUoX4cwhiAzWfgvAcrz4ff%2B4AyrDBQhlEAAaDDYyNDE2NTk2NDMyOSIMhZhEzsBe8wugwhIWKqAFFDPcGdFG3vaQGjuBN3Xmr1WPew9fiIR881JRDFoBMFMot%2BXQIqn1kBIEpztjCRf8whicJgVVhdhWkinYo7xu8geX%2F5Ie1kAmbSZxCGVlmFh7y6nhhUI0FzpoAxNTXMxJCR8umQmKSfZO2Az2JhaF8uCBJMHlGMF0Uf8drO0QFa4hczB43OL6ms0TRoMV97yEJd7MTk%2BIyArsxlHZxwKZ1wMkN8MT6JTZuoDhw8syziB0yaY2%2BJzWCr%2FWLcreitePWEEBMf6fMM%2BUCWraJtkX6TNXa5agBnBU32LwwhXQXpMztsloPlpr3oLsn6Jn%2BRy6wsT3gEu5u%2BqMOCeI6ZL8qG2YyGmrJuEUNHUy6SyNaKi4in79uVmYyH95GfiC%2FPsN0XpW8T9axY%2BkgFwuDkqR3QTfWE3tbx1ZdosDnawovRrnC5NXeoV3ULvVJwmaI3bMo%2FkQ%2Bo4ePzy0MQuc10uI7JRsy0e7w7eeapBPwMl%2BJf6eBnjTDINkKrXXLL9%2FsB8YywxFkZGh%2BTyeW1xs7slh5pz9Lk3VSXADFl1FPVaEBmh%2B%2BXTqOv1EEtRgaevqlcHYSLKk6OZ356TR3bIrAf9WW3kUFzrujr%2FR9Qz7kpCsgq5uHaSCkIl9Dyit3oBOp1gn2mFLyjcYjHqpMwKcHqMBanwzFv4Sjh4RZL8zOLVSl6Li%2BNdWSSm597XgqfqRLPFts0kG5IOXgBtxL4CkYjgB%2Fh3IFVQKtkfpjt2Wflvqpa4IrxVWdTooi1dsZ9ZYDuBXDbukFJjNSXOy49q4vd7zReIcdNv%2Blx0V10z7%2BZx1aoaukh3wftQAbdHm7Bi%2FeTfKPzDXtN2%2F17VgudSbbRH5P%2FDiSvQ1p1sodweAR2Lc1mbuaXcpmk3bYFKa5To8pOusMP3n89UGOrEBeh7IsLd04xlaK60v3gb3%2FetQod2cEDqI4DGk9BO%2FiN1QuDiWt5PvomiyZICSIZAeC%2BhX8FfUM53ODc2bwlV1tbClhYQDM%2FhIOscsfxpMK6kGiT%2FuMv0fOOlx%2BUsAhp1d2CCHSzE2SH%2Fd4zgKcopwNoOg2XcgmnLm%2BeO8iBb78aAM6ZQtF8hapsg8U2ICD3EPFOhhzDZD3UR9Mn%2BEtlzsQe7lQzZ%2FoVNREOvAOAsUYgsu&X-Amz-SignedHeaders=host&X-Amz-Signature=24ee909eeae98e113ce44ed16b896ba6ee8d68da318b9d4cf435fcf0e38231d1,AE-0467,2026-09-28 18:52:58 +0000 UTC,delivered,,
whatsapp,Mohamed fawzi,+201224470942,,,listing,,,Waheed Sayed,,,,WS-510,2026-09-28 18:44:07 +0000 UTC,replied,,
whatsapp,Hamsa,+201276623992,,,listing,,,Mohamed Megahed,,,,MZ-722,2026-09-28 18:32:02 +0000 UTC,replied,,
whatsapp,Hd,+201027316045,,,listing,,,nora  ashraf,,,,msh_48,2026-09-28 18:02:07 +0000 UTC,read,,
whatsapp,Abeer Ibrahim,+201019989964,,abeer_ibrahimmm,listing,,,Yomna Rayan,,,,N-1012,2026-09-28 17:43:37 +0000 UTC,read,,
whatsapp,Ash,+201110446660,,,listing,,,Mahmoud Mehrezy,,,,MZM-747,2026-09-28 17:36:48 +0000 UTC,read,from_agent,
whatsapp,Gemy,+201015412555,,,listing,,,nora  ashraf,,,,AAM-146,2026-09-28 17:19:25 +0000 UTC,read,from_agent,
call,,+201108519873,,,listing,,,yasmine  Mohamed,108,0,https://pf-eg-documents.s3.ap-southeast-1.amazonaws.com/calls/2026/09/28/dee941c3a07e122f3f96c8c20a49f015.mp3?X-Amz-Algorithm=AWS4-HMAC-SHA256&X-Amz-Credential=ASIAZCUZQZIU4DBRS2PB%2F20260930%2Fap-southeast-1%2Fs3%2Faws4_request&X-Amz-Date=20260930T130048Z&X-Amz-Expires=604800&X-Amz-Security-Token=IQoJb3JpZ2luX2VjEJz%2F%2F%2F%2F%2F%2F%2F%2F%2F%2FwEaDmFwLXNvdXRoZWFzdC0xIkcwRQIhAJHr6v32Yr%2FYwGiXmjFjVtU9Tnwq1GzO5uz%2FZDa9kJm%2BAiAxgWRAaBFiANrVHoVItUoX4cwhiAzWfgvAcrz4ff%2B4AyrDBQhlEAAaDDYyNDE2NTk2NDMyOSIMhZhEzsBe8wugwhIWKqAFFDPcGdFG3vaQGjuBN3Xmr1WPew9fiIR881JRDFoBMFMot%2BXQIqn1kBIEpztjCRf8whicJgVVhdhWkinYo7xu8geX%2F5Ie1kAmbSZxCGVlmFh7y6nhhUI0FzpoAxNTXMxJCR8umQmKSfZO2Az2JhaF8uCBJMHlGMF0Uf8drO0QFa4hczB43OL6ms0TRoMV97yEJd7MTk%2BIyArsxlHZxwKZ1wMkN8MT6JTZuoDhw8syziB0yaY2%2BJzWCr%2FWLcreitePWEEBMf6fMM%2BUCWraJtkX6TNXa5agBnBU32LwwhXQXpMztsloPlpr3oLsn6Jn%2BRy6wsT3gEu5u%2BqMOCeI6ZL8qG2YyGmrJuEUNHUy6SyNaKi4in79uVmYyH95GfiC%2FPsN0XpW8T9axY%2BkgFwuDkqR3QTfWE3tbx1ZdosDnawovRrnC5NXeoV3ULvVJwmaI3bMo%2FkQ%2Bo4ePzy0MQuc10uI7JRsy0e7w7eeapBPwMl%2BJf6eBnjTDINkKrXXLL9%2FsB8YywxFkZGh%2BTyeW1xs7slh5pz9Lk3VSXADFl1FPVaEBmh%2B%2BXTqOv1EEtRgaevqlcHYSLKk6OZ356TR3bIrAf9WW3kUFzrujr%2FR9Qz7kpCsgq5uHaSCkIl9Dyit3oBOp1gn2mFLyjcYjHqpMwKcHqMBanwzFv4Sjh4RZL8zOLVSl6Li%2BNdWSSm597XgqfqRLPFts0kG5IOXgBtxL4CkYjgB%2Fh3IFVQKtkfpjt2Wflvqpa4IrxVWdTooi1dsZ9ZYDuBXDbukFJjNSXOy49q4vd7zReIcdNv%2Blx0V10z7%2BZx1aoaukh3wftQAbdHm7Bi%2FeTfKPzDXtN2%2F17VgudSbbRH5P%2FDiSvQ1p1sodweAR2Lc1mbuaXcpmk3bYFKa5To8pOusMP3n89UGOrEBeh7IsLd04xlaK60v3gb3%2FetQod2cEDqI4DGk9BO%2FiN1QuDiWt5PvomiyZICSIZAeC%2BhX8FfUM53ODc2bwlV1tbClhYQDM%2FhIOscsfxpMK6kGiT%2FuMv0fOOlx%2BUsAhp1d2CCHSzE2SH%2Fd4zgKcopwNoOg2XcgmnLm%2BeO8iBb78aAM6ZQtF8hapsg8U2ICD3EPFOhhzDZD3UR9Mn%2BEtlzsQe7lQzZ%2FoVNREOvAOAsUYgsu&X-Amz-SignedHeaders=host&X-Amz-Signature=4773a819d17d73683ea6fc42c7add22ec2818c5249e031bc467c2faa74360574,YM-384,2026-09-28 17:05:27 +0000 UTC,replied,,
call,,+201108519873,,,listing,,,yasmine  Mohamed,110,0,https://pf-eg-documents.s3.ap-southeast-1.amazonaws.com/calls/2026/09/28/2b7ccca0a4d5b1e36348cddbcd55b8aa.mp3?X-Amz-Algorithm=AWS4-HMAC-SHA256&X-Amz-Credential=ASIAZCUZQZIU4DBRS2PB%2F20260930%2Fap-southeast-1%2Fs3%2Faws4_request&X-Amz-Date=20260930T130048Z&X-Amz-Expires=604800&X-Amz-Security-Token=IQoJb3JpZ2luX2VjEJz%2F%2F%2F%2F%2F%2F%2F%2F%2F%2FwEaDmFwLXNvdXRoZWFzdC0xIkcwRQIhAJHr6v32Yr%2FYwGiXmjFjVtU9Tnwq1GzO5uz%2FZDa9kJm%2BAiAxgWRAaBFiANrVHoVItUoX4cwhiAzWfgvAcrz4ff%2B4AyrDBQhlEAAaDDYyNDE2NTk2NDMyOSIMhZhEzsBe8wugwhIWKqAFFDPcGdFG3vaQGjuBN3Xmr1WPew9fiIR881JRDFoBMFMot%2BXQIqn1kBIEpztjCRf8whicJgVVhdhWkinYo7xu8geX%2F5Ie1kAmbSZxCGVlmFh7y6nhhUI0FzpoAxNTXMxJCR8umQmKSfZO2Az2JhaF8uCBJMHlGMF0Uf8drO0QFa4hczB43OL6ms0TRoMV97yEJd7MTk%2BIyArsxlHZxwKZ1wMkN8MT6JTZuoDhw8syziB0yaY2%2BJzWCr%2FWLcreitePWEEBMf6fMM%2BUCWraJtkX6TNXa5agBnBU32LwwhXQXpMztsloPlpr3oLsn6Jn%2BRy6wsT3gEu5u%2BqMOCeI6ZL8qG2YyGmrJuEUNHUy6SyNaKi4in79uVmYyH95GfiC%2FPsN0XpW8T9axY%2BkgFwuDkqR3QTfWE3tbx1ZdosDnawovRrnC5NXeoV3ULvVJwmaI3bMo%2FkQ%2Bo4ePzy0MQuc10uI7JRsy0e7w7eeapBPwMl%2BJf6eBnjTDINkKrXXLL9%2FsB8YywxFkZGh%2BTyeW1xs7slh5pz9Lk3VSXADFl1FPVaEBmh%2B%2BXTqOv1EEtRgaevqlcHYSLKk6OZ356TR3bIrAf9WW3kUFzrujr%2FR9Qz7kpCsgq5uHaSCkIl9Dyit3oBOp1gn2mFLyjcYjHqpMwKcHqMBanwzFv4Sjh4RZL8zOLVSl6Li%2BNdWSSm597XgqfqRLPFts0kG5IOXgBtxL4CkYjgB%2Fh3IFVQKtkfpjt2Wflvqpa4IrxVWdTooi1dsZ9ZYDuBXDbukFJjNSXOy49q4vd7zReIcdNv%2Blx0V10z7%2BZx1aoaukh3wftQAbdHm7Bi%2FeTfKPzDXtN2%2F17VgudSbbRH5P%2FDiSvQ1p1sodweAR2Lc1mbuaXcpmk3bYFKa5To8pOusMP3n89UGOrEBeh7IsLd04xlaK60v3gb3%2FetQod2cEDqI4DGk9BO%2FiN1QuDiWt5PvomiyZICSIZAeC%2BhX8FfUM53ODc2bwlV1tbClhYQDM%2FhIOscsfxpMK6kGiT%2FuMv0fOOlx%2BUsAhp1d2CCHSzE2SH%2Fd4zgKcopwNoOg2XcgmnLm%2BeO8iBb78aAM6ZQtF8hapsg8U2ICD3EPFOhhzDZD3UR9Mn%2BEtlzsQe7lQzZ%2FoVNREOvAOAsUYgsu&X-Amz-SignedHeaders=host&X-Amz-Signature=86eadd78617a5432dd8bb3424f863740e208b998a2f70f1be4acf3a615c7accc,YM-384,2026-09-28 17:00:00 +0000 UTC,replied,,
whatsapp,彡𝓡,+201044103391,,,listing,,,Nouran Mohamed,,,,NM-809,2026-09-28 16:58:33 +0000 UTC,replied,,
call,,+201108519873,,,listing,,,yasmine  Mohamed,0,0,https://pf-eg-documents.s3.ap-southeast-1.amazonaws.com/calls/2026/09/28/f22d13685f8ac1906342f67e18e098ad.mp3?X-Amz-Algorithm=AWS4-HMAC-SHA256&X-Amz-Credential=ASIAZCUZQZIU4DBRS2PB%2F20260930%2Fap-southeast-1%2Fs3%2Faws4_request&X-Amz-Date=20260930T130048Z&X-Amz-Expires=604800&X-Amz-Security-Token=IQoJb3JpZ2luX2VjEJz%2F%2F%2F%2F%2F%2F%2F%2F%2F%2FwEaDmFwLXNvdXRoZWFzdC0xIkcwRQIhAJHr6v32Yr%2FYwGiXmjFjVtU9Tnwq1GzO5uz%2FZDa9kJm%2BAiAxgWRAaBFiANrVHoVItUoX4cwhiAzWfgvAcrz4ff%2B4AyrDBQhlEAAaDDYyNDE2NTk2NDMyOSIMhZhEzsBe8wugwhIWKqAFFDPcGdFG3vaQGjuBN3Xmr1WPew9fiIR881JRDFoBMFMot%2BXQIqn1kBIEpztjCRf8whicJgVVhdhWkinYo7xu8geX%2F5Ie1kAmbSZxCGVlmFh7y6nhhUI0FzpoAxNTXMxJCR8umQmKSfZO2Az2JhaF8uCBJMHlGMF0Uf8drO0QFa4hczB43OL6ms0TRoMV97yEJd7MTk%2BIyArsxlHZxwKZ1wMkN8MT6JTZuoDhw8syziB0yaY2%2BJzWCr%2FWLcreitePWEEBMf6fMM%2BUCWraJtkX6TNXa5agBnBU32LwwhXQXpMztsloPlpr3oLsn6Jn%2BRy6wsT3gEu5u%2BqMOCeI6ZL8qG2YyGmrJuEUNHUy6SyNaKi4in79uVmYyH95GfiC%2FPsN0XpW8T9axY%2BkgFwuDkqR3QTfWE3tbx1ZdosDnawovRrnC5NXeoV3ULvVJwmaI3bMo%2FkQ%2Bo4ePzy0MQuc10uI7JRsy0e7w7eeapBPwMl%2BJf6eBnjTDINkKrXXLL9%2FsB8YywxFkZGh%2BTyeW1xs7slh5pz9Lk3VSXADFl1FPVaEBmh%2B%2BXTqOv1EEtRgaevqlcHYSLKk6OZ356TR3bIrAf9WW3kUFzrujr%2FR9Qz7kpCsgq5uHaSCkIl9Dyit3oBOp1gn2mFLyjcYjHqpMwKcHqMBanwzFv4Sjh4RZL8zOLVSl6Li%2BNdWSSm597XgqfqRLPFts0kG5IOXgBtxL4CkYjgB%2Fh3IFVQKtkfpjt2Wflvqpa4IrxVWdTooi1dsZ9ZYDuBXDbukFJjNSXOy49q4vd7zReIcdNv%2Blx0V10z7%2BZx1aoaukh3wftQAbdHm7Bi%2FeTfKPzDXtN2%2F17VgudSbbRH5P%2FDiSvQ1p1sodweAR2Lc1mbuaXcpmk3bYFKa5To8pOusMP3n89UGOrEBeh7IsLd04xlaK60v3gb3%2FetQod2cEDqI4DGk9BO%2FiN1QuDiWt5PvomiyZICSIZAeC%2BhX8FfUM53ODc2bwlV1tbClhYQDM%2FhIOscsfxpMK6kGiT%2FuMv0fOOlx%2BUsAhp1d2CCHSzE2SH%2Fd4zgKcopwNoOg2XcgmnLm%2BeO8iBb78aAM6ZQtF8hapsg8U2ICD3EPFOhhzDZD3UR9Mn%2BEtlzsQe7lQzZ%2FoVNREOvAOAsUYgsu&X-Amz-SignedHeaders=host&X-Amz-Signature=602a3d7984f0d1d39b256002e54d213c8b1b324bc42a7a7c06167589696c48ae,YM-384,2026-09-28 16:53:00 +0000 UTC,delivered,,
whatsapp,انعام محمد,+201108519873,,,listing,,,yasmine  Mohamed,,,,YM-384,2026-09-28 16:52:28 +0000 UTC,replied,,
whatsapp,Aslm Hisham,+201008600042,,,listing,,,Baraa Mohamed,,,,BM-139,2026-09-28 16:44:18 +0000 UTC,read,,
whatsapp,Aslm Hisham,+201008600042,,,listing,,,Mohamed Megahed,,,,MZ-722,2026-09-28 16:41:51 +0000 UTC,replied,,
whatsapp,Omar,,,omarhatem65_,listing,,,yasmine  Mohamed,,,,YM-178,2026-09-28 16:30:24 +0000 UTC,read,,
whatsapp,Nobody💃🏽,+201007618173,,,listing,,,yasmine  Mohamed,,,,YM-181,2026-09-28 16:24:08 +0000 UTC,read,,
whatsapp,Elham Mohamed السفيرة,+201223450546,,,listing,,,Waheed Sayed,,,,WS-523,2026-09-28 15:59:39 +0000 UTC,replied,,
whatsapp,Nobody💃🏽,+201007618173,,,listing,,,Baraa Mohamed,,,,BM-232,2026-09-28 15:16:41 +0000 UTC,read,,
whatsapp,🍁,+14375668799,,,listing,,,Moahmed Salah,,,,MS-988,2026-09-28 14:56:03 +0000 UTC,replied,,
whatsapp,Nada Donia,+201060458555,,,listing,,,Noura Abo Al Naga,,,,N_1271,2026-09-28 14:31:20 +0000 UTC,replied,,
whatsapp,Nada Donia,+201060458555,,,listing,,,Baraa Mohamed,,,,BM-271,2026-09-28 14:29:18 +0000 UTC,read,,
whatsapp,Nermeen Mahmoud,+201159202780,,,listing,,,Heba Gabr,,,,HG-143,2026-09-28 14:15:17 +0000 UTC,read,,
whatsapp,Nabil Yousef,+97455111394,,,listing,,,Mohamed Dowad,,,,MD 306,2026-09-28 14:07:44 +0000 UTC,delivered,,
whatsapp,يا رب تقبل منا صيامنا و قيام,+22374616158,,,listing,,,Moahmed Salah,,,,MS-1128,2026-09-28 14:06:10 +0000 UTC,replied,,
whatsapp,Mariam.squadhubs,+201211905158,,,listing,,,nora  ashraf,,,,MHM_1101,2026-09-28 13:51:43 +0000 UTC,read,,
whatsapp,Nuha Ghuneimi,+201125216674,,,listing,,,Mahmoud Mehrezy,,,,MZM-630,2026-09-28 13:48:10 +0000 UTC,replied,,
whatsapp,Nuha Ghuneimi,+201125216674,,,listing,,,Mahmoud Mehrezy,,,,MZM-637,2026-09-28 13:47:38 +0000 UTC,replied,,
call,,+201227141214,,,listing,,,Donia M,0,0,,DM-1257,2026-09-28 13:28:16 +0000 UTC,sent,,
call,,+201099729007,,,listing,,,Noura Abo Al Naga,140,0,https://pf-eg-documents.s3.ap-southeast-1.amazonaws.com/calls/2026/09/28/95c07116fc4cb2cea0249676b7f3c1bf.mp3?X-Amz-Algorithm=AWS4-HMAC-SHA256&X-Amz-Credential=ASIAZCUZQZIU4DBRS2PB%2F20260930%2Fap-southeast-1%2Fs3%2Faws4_request&X-Amz-Date=20260930T130048Z&X-Amz-Expires=604800&X-Amz-Security-Token=IQoJb3JpZ2luX2VjEJz%2F%2F%2F%2F%2F%2F%2F%2F%2F%2FwEaDmFwLXNvdXRoZWFzdC0xIkcwRQIhAJHr6v32Yr%2FYwGiXmjFjVtU9Tnwq1GzO5uz%2FZDa9kJm%2BAiAxgWRAaBFiANrVHoVItUoX4cwhiAzWfgvAcrz4ff%2B4AyrDBQhlEAAaDDYyNDE2NTk2NDMyOSIMhZhEzsBe8wugwhIWKqAFFDPcGdFG3vaQGjuBN3Xmr1WPew9fiIR881JRDFoBMFMot%2BXQIqn1kBIEpztjCRf8whicJgVVhdhWkinYo7xu8geX%2F5Ie1kAmbSZxCGVlmFh7y6nhhUI0FzpoAxNTXMxJCR8umQmKSfZO2Az2JhaF8uCBJMHlGMF0Uf8drO0QFa4hczB43OL6ms0TRoMV97yEJd7MTk%2BIyArsxlHZxwKZ1wMkN8MT6JTZuoDhw8syziB0yaY2%2BJzWCr%2FWLcreitePWEEBMf6fMM%2BUCWraJtkX6TNXa5agBnBU32LwwhXQXpMztsloPlpr3oLsn6Jn%2BRy6wsT3gEu5u%2BqMOCeI6ZL8qG2YyGmrJuEUNHUy6SyNaKi4in79uVmYyH95GfiC%2FPsN0XpW8T9axY%2BkgFwuDkqR3QTfWE3tbx1ZdosDnawovRrnC5NXeoV3ULvVJwmaI3bMo%2FkQ%2Bo4ePzy0MQuc10uI7JRsy0e7w7eeapBPwMl%2BJf6eBnjTDINkKrXXLL9%2FsB8YywxFkZGh%2BTyeW1xs7slh5pz9Lk3VSXADFl1FPVaEBmh%2B%2BXTqOv1EEtRgaevqlcHYSLKk6OZ356TR3bIrAf9WW3kUFzrujr%2FR9Qz7kpCsgq5uHaSCkIl9Dyit3oBOp1gn2mFLyjcYjHqpMwKcHqMBanwzFv4Sjh4RZL8zOLVSl6Li%2BNdWSSm597XgqfqRLPFts0kG5IOXgBtxL4CkYjgB%2Fh3IFVQKtkfpjt2Wflvqpa4IrxVWdTooi1dsZ9ZYDuBXDbukFJjNSXOy49q4vd7zReIcdNv%2Blx0V10z7%2BZx1aoaukh3wftQAbdHm7Bi%2FeTfKPzDXtN2%2F17VgudSbbRH5P%2FDiSvQ1p1sodweAR2Lc1mbuaXcpmk3bYFKa5To8pOusMP3n89UGOrEBeh7IsLd04xlaK60v3gb3%2FetQod2cEDqI4DGk9BO%2FiN1QuDiWt5PvomiyZICSIZAeC%2BhX8FfUM53ODc2bwlV1tbClhYQDM%2FhIOscsfxpMK6kGiT%2FuMv0fOOlx%2BUsAhp1d2CCHSzE2SH%2Fd4zgKcopwNoOg2XcgmnLm%2BeO8iBb78aAM6ZQtF8hapsg8U2ICD3EPFOhhzDZD3UR9Mn%2BEtlzsQe7lQzZ%2FoVNREOvAOAsUYgsu&X-Amz-SignedHeaders=host&X-Amz-Signature=dd1eeded1cc6ff7a1252040ff6262990edc908fe130b4a4412935849744230fe,N_1292,2026-09-28 12:58:46 +0000 UTC,replied,,
whatsapp,Mehmet Yılmaz ÜNÜVAR,+905057214153,,myilmazunuvar,listing,,,Nouran Mohamed,,,,NM-788,2026-09-28 12:56:03 +0000 UTC,replied,,
whatsapp,Mehmet Yılmaz ÜNÜVAR,+905057214153,,myilmazunuvar,listing,,,Mohamed Dowad,,,,MD 292,2026-09-28 12:42:39 +0000 UTC,replied,,
call,,+201503645439,,,listing,,,Nouran Mohamed,210,0,https://pf-eg-documents.s3.ap-southeast-1.amazonaws.com/calls/2026/09/28/eca40f5bd068c8c8c91e9cdd42e4878d.mp3?X-Amz-Algorithm=AWS4-HMAC-SHA256&X-Amz-Credential=ASIAZCUZQZIU4DBRS2PB%2F20260930%2Fap-southeast-1%2Fs3%2Faws4_request&X-Amz-Date=20260930T130048Z&X-Amz-Expires=604800&X-Amz-Security-Token=IQoJb3JpZ2luX2VjEJz%2F%2F%2F%2F%2F%2F%2F%2F%2F%2FwEaDmFwLXNvdXRoZWFzdC0xIkcwRQIhAJHr6v32Yr%2FYwGiXmjFjVtU9Tnwq1GzO5uz%2FZDa9kJm%2BAiAxgWRAaBFiANrVHoVItUoX4cwhiAzWfgvAcrz4ff%2B4AyrDBQhlEAAaDDYyNDE2NTk2NDMyOSIMhZhEzsBe8wugwhIWKqAFFDPcGdFG3vaQGjuBN3Xmr1WPew9fiIR881JRDFoBMFMot%2BXQIqn1kBIEpztjCRf8whicJgVVhdhWkinYo7xu8geX%2F5Ie1kAmbSZxCGVlmFh7y6nhhUI0FzpoAxNTXMxJCR8umQmKSfZO2Az2JhaF8uCBJMHlGMF0Uf8drO0QFa4hczB43OL6ms0TRoMV97yEJd7MTk%2BIyArsxlHZxwKZ1wMkN8MT6JTZuoDhw8syziB0yaY2%2BJzWCr%2FWLcreitePWEEBMf6fMM%2BUCWraJtkX6TNXa5agBnBU32LwwhXQXpMztsloPlpr3oLsn6Jn%2BRy6wsT3gEu5u%2BqMOCeI6ZL8qG2YyGmrJuEUNHUy6SyNaKi4in79uVmYyH95GfiC%2FPsN0XpW8T9axY%2BkgFwuDkqR3QTfWE3tbx1ZdosDnawovRrnC5NXeoV3ULvVJwmaI3bMo%2FkQ%2Bo4ePzy0MQuc10uI7JRsy0e7w7eeapBPwMl%2BJf6eBnjTDINkKrXXLL9%2FsB8YywxFkZGh%2BTyeW1xs7slh5pz9Lk3VSXADFl1FPVaEBmh%2B%2BXTqOv1EEtRgaevqlcHYSLKk6OZ356TR3bIrAf9WW3kUFzrujr%2FR9Qz7kpCsgq5uHaSCkIl9Dyit3oBOp1gn2mFLyjcYjHqpMwKcHqMBanwzFv4Sjh4RZL8zOLVSl6Li%2BNdWSSm597XgqfqRLPFts0kG5IOXgBtxL4CkYjgB%2Fh3IFVQKtkfpjt2Wflvqpa4IrxVWdTooi1dsZ9ZYDuBXDbukFJjNSXOy49q4vd7zReIcdNv%2Blx0V10z7%2BZx1aoaukh3wftQAbdHm7Bi%2FeTfKPzDXtN2%2F17VgudSbbRH5P%2FDiSvQ1p1sodweAR2Lc1mbuaXcpmk3bYFKa5To8pOusMP3n89UGOrEBeh7IsLd04xlaK60v3gb3%2FetQod2cEDqI4DGk9BO%2FiN1QuDiWt5PvomiyZICSIZAeC%2BhX8FfUM53ODc2bwlV1tbClhYQDM%2FhIOscsfxpMK6kGiT%2FuMv0fOOlx%2BUsAhp1d2CCHSzE2SH%2Fd4zgKcopwNoOg2XcgmnLm%2BeO8iBb78aAM6ZQtF8hapsg8U2ICD3EPFOhhzDZD3UR9Mn%2BEtlzsQe7lQzZ%2FoVNREOvAOAsUYgsu&X-Amz-SignedHeaders=host&X-Amz-Signature=e64336a4e9a93f884a68ef8db9248243c152d4435b7d72c77ed920b5593c6084,NM-773,2026-09-28 12:24:28 +0000 UTC,replied,,
whatsapp,Mooni Mohammed,+201005128298,,,listing,,,Mahmoud Mehrezy,,,,MZM-608,2026-09-28 12:02:59 +0000 UTC,read,,
call,,+201153852227,,,listing,,,Zainab  Mohamed,0,0,https://pf-eg-documents.s3.ap-southeast-1.amazonaws.com/calls/2026/09/28/92b189a880d0af36cb49a8aa2616b5bc.mp3?X-Amz-Algorithm=AWS4-HMAC-SHA256&X-Amz-Credential=ASIAZCUZQZIU4DBRS2PB%2F20260930%2Fap-southeast-1%2Fs3%2Faws4_request&X-Amz-Date=20260930T130048Z&X-Amz-Expires=604800&X-Amz-Security-Token=IQoJb3JpZ2luX2VjEJz%2F%2F%2F%2F%2F%2F%2F%2F%2F%2FwEaDmFwLXNvdXRoZWFzdC0xIkcwRQIhAJHr6v32Yr%2FYwGiXmjFjVtU9Tnwq1GzO5uz%2FZDa9kJm%2BAiAxgWRAaBFiANrVHoVItUoX4cwhiAzWfgvAcrz4ff%2B4AyrDBQhlEAAaDDYyNDE2NTk2NDMyOSIMhZhEzsBe8wugwhIWKqAFFDPcGdFG3vaQGjuBN3Xmr1WPew9fiIR881JRDFoBMFMot%2BXQIqn1kBIEpztjCRf8whicJgVVhdhWkinYo7xu8geX%2F5Ie1kAmbSZxCGVlmFh7y6nhhUI0FzpoAxNTXMxJCR8umQmKSfZO2Az2JhaF8uCBJMHlGMF0Uf8drO0QFa4hczB43OL6ms0TRoMV97yEJd7MTk%2BIyArsxlHZxwKZ1wMkN8MT6JTZuoDhw8syziB0yaY2%2BJzWCr%2FWLcreitePWEEBMf6fMM%2BUCWraJtkX6TNXa5agBnBU32LwwhXQXpMztsloPlpr3oLsn6Jn%2BRy6wsT3gEu5u%2BqMOCeI6ZL8qG2YyGmrJuEUNHUy6SyNaKi4in79uVmYyH95GfiC%2FPsN0XpW8T9axY%2BkgFwuDkqR3QTfWE3tbx1ZdosDnawovRrnC5NXeoV3ULvVJwmaI3bMo%2FkQ%2Bo4ePzy0MQuc10uI7JRsy0e7w7eeapBPwMl%2BJf6eBnjTDINkKrXXLL9%2FsB8YywxFkZGh%2BTyeW1xs7slh5pz9Lk3VSXADFl1FPVaEBmh%2B%2BXTqOv1EEtRgaevqlcHYSLKk6OZ356TR3bIrAf9WW3kUFzrujr%2FR9Qz7kpCsgq5uHaSCkIl9Dyit3oBOp1gn2mFLyjcYjHqpMwKcHqMBanwzFv4Sjh4RZL8zOLVSl6Li%2BNdWSSm597XgqfqRLPFts0kG5IOXgBtxL4CkYjgB%2Fh3IFVQKtkfpjt2Wflvqpa4IrxVWdTooi1dsZ9ZYDuBXDbukFJjNSXOy49q4vd7zReIcdNv%2Blx0V10z7%2BZx1aoaukh3wftQAbdHm7Bi%2FeTfKPzDXtN2%2F17VgudSbbRH5P%2FDiSvQ1p1sodweAR2Lc1mbuaXcpmk3bYFKa5To8pOusMP3n89UGOrEBeh7IsLd04xlaK60v3gb3%2FetQod2cEDqI4DGk9BO%2FiN1QuDiWt5PvomiyZICSIZAeC%2BhX8FfUM53ODc2bwlV1tbClhYQDM%2FhIOscsfxpMK6kGiT%2FuMv0fOOlx%2BUsAhp1d2CCHSzE2SH%2Fd4zgKcopwNoOg2XcgmnLm%2BeO8iBb78aAM6ZQtF8hapsg8U2ICD3EPFOhhzDZD3UR9Mn%2BEtlzsQe7lQzZ%2FoVNREOvAOAsUYgsu&X-Amz-SignedHeaders=host&X-Amz-Signature=1da8fd8ef3f3d0535cc71283755c360d2cf92ab17dcb3170bad5428e881a5b3f,ZM-110,2026-09-28 12:01:18 +0000 UTC,delivered,,
whatsapp,Sha Store,+201274890160,,,listing,,,Moahmed Salah,,,,MS-999,2026-09-28 11:52:03 +0000 UTC,replied,,
whatsapp,Eman Fathy,+201064224999,,,listing,,,Anan Magdy,,,,AM-628,2026-09-28 11:51:53 +0000 UTC,delivered,,
call,,+201019133718,,,listing,,,nora  ashraf,0,0,https://pf-eg-documents.s3.ap-southeast-1.amazonaws.com/calls/2026/09/28/139032cfabf731d5e9b148a8a695bac3.mp3?X-Amz-Algorithm=AWS4-HMAC-SHA256&X-Amz-Credential=ASIAZCUZQZIU4DBRS2PB%2F20260930%2Fap-southeast-1%2Fs3%2Faws4_request&X-Amz-Date=20260930T130048Z&X-Amz-Expires=604800&X-Amz-Security-Token=IQoJb3JpZ2luX2VjEJz%2F%2F%2F%2F%2F%2F%2F%2F%2F%2FwEaDmFwLXNvdXRoZWFzdC0xIkcwRQIhAJHr6v32Yr%2FYwGiXmjFjVtU9Tnwq1GzO5uz%2FZDa9kJm%2BAiAxgWRAaBFiANrVHoVItUoX4cwhiAzWfgvAcrz4ff%2B4AyrDBQhlEAAaDDYyNDE2NTk2NDMyOSIMhZhEzsBe8wugwhIWKqAFFDPcGdFG3vaQGjuBN3Xmr1WPew9fiIR881JRDFoBMFMot%2BXQIqn1kBIEpztjCRf8whicJgVVhdhWkinYo7xu8geX%2F5Ie1kAmbSZxCGVlmFh7y6nhhUI0FzpoAxNTXMxJCR8umQmKSfZO2Az2JhaF8uCBJMHlGMF0Uf8drO0QFa4hczB43OL6ms0TRoMV97yEJd7MTk%2BIyArsxlHZxwKZ1wMkN8MT6JTZuoDhw8syziB0yaY2%2BJzWCr%2FWLcreitePWEEBMf6fMM%2BUCWraJtkX6TNXa5agBnBU32LwwhXQXpMztsloPlpr3oLsn6Jn%2BRy6wsT3gEu5u%2BqMOCeI6ZL8qG2YyGmrJuEUNHUy6SyNaKi4in79uVmYyH95GfiC%2FPsN0XpW8T9axY%2BkgFwuDkqR3QTfWE3tbx1ZdosDnawovRrnC5NXeoV3ULvVJwmaI3bMo%2FkQ%2Bo4ePzy0MQuc10uI7JRsy0e7w7eeapBPwMl%2BJf6eBnjTDINkKrXXLL9%2FsB8YywxFkZGh%2BTyeW1xs7slh5pz9Lk3VSXADFl1FPVaEBmh%2B%2BXTqOv1EEtRgaevqlcHYSLKk6OZ356TR3bIrAf9WW3kUFzrujr%2FR9Qz7kpCsgq5uHaSCkIl9Dyit3oBOp1gn2mFLyjcYjHqpMwKcHqMBanwzFv4Sjh4RZL8zOLVSl6Li%2BNdWSSm597XgqfqRLPFts0kG5IOXgBtxL4CkYjgB%2Fh3IFVQKtkfpjt2Wflvqpa4IrxVWdTooi1dsZ9ZYDuBXDbukFJjNSXOy49q4vd7zReIcdNv%2Blx0V10z7%2BZx1aoaukh3wftQAbdHm7Bi%2FeTfKPzDXtN2%2F17VgudSbbRH5P%2FDiSvQ1p1sodweAR2Lc1mbuaXcpmk3bYFKa5To8pOusMP3n89UGOrEBeh7IsLd04xlaK60v3gb3%2FetQod2cEDqI4DGk9BO%2FiN1QuDiWt5PvomiyZICSIZAeC%2BhX8FfUM53ODc2bwlV1tbClhYQDM%2FhIOscsfxpMK6kGiT%2FuMv0fOOlx%2BUsAhp1d2CCHSzE2SH%2Fd4zgKcopwNoOg2XcgmnLm%2BeO8iBb78aAM6ZQtF8hapsg8U2ICD3EPFOhhzDZD3UR9Mn%2BEtlzsQe7lQzZ%2FoVNREOvAOAsUYgsu&X-Amz-SignedHeaders=host&X-Amz-Signature=a4149affc37ff6ad9926eb364e66131aef7d793bb14db0305733b813bfed6243,YM-127,2026-09-28 11:44:32 +0000 UTC,delivered,,
whatsapp,Prime home investment,+201019133718,,,listing,,,nora  ashraf,,,,YM-127,2026-09-28 11:43:48 +0000 UTC,read,,
call,,+201224459596,,,listing,,,kareem mady,0,0,,KM_104,2026-09-28 11:27:14 +0000 UTC,sent,,
call,,+201099729007,,,listing,,,nora  ashraf,194,0,https://pf-eg-documents.s3.ap-southeast-1.amazonaws.com/calls/2026/09/28/9127a7b23747d540287264efd30e47de.mp3?X-Amz-Algorithm=AWS4-HMAC-SHA256&X-Amz-Credential=ASIAZCUZQZIU4DBRS2PB%2F20260930%2Fap-southeast-1%2Fs3%2Faws4_request&X-Amz-Date=20260930T130048Z&X-Amz-Expires=604800&X-Amz-Security-Token=IQoJb3JpZ2luX2VjEJz%2F%2F%2F%2F%2F%2F%2F%2F%2F%2FwEaDmFwLXNvdXRoZWFzdC0xIkcwRQIhAJHr6v32Yr%2FYwGiXmjFjVtU9Tnwq1GzO5uz%2FZDa9kJm%2BAiAxgWRAaBFiANrVHoVItUoX4cwhiAzWfgvAcrz4ff%2B4AyrDBQhlEAAaDDYyNDE2NTk2NDMyOSIMhZhEzsBe8wugwhIWKqAFFDPcGdFG3vaQGjuBN3Xmr1WPew9fiIR881JRDFoBMFMot%2BXQIqn1kBIEpztjCRf8whicJgVVhdhWkinYo7xu8geX%2F5Ie1kAmbSZxCGVlmFh7y6nhhUI0FzpoAxNTXMxJCR8umQmKSfZO2Az2JhaF8uCBJMHlGMF0Uf8drO0QFa4hczB43OL6ms0TRoMV97yEJd7MTk%2BIyArsxlHZxwKZ1wMkN8MT6JTZuoDhw8syziB0yaY2%2BJzWCr%2FWLcreitePWEEBMf6fMM%2BUCWraJtkX6TNXa5agBnBU32LwwhXQXpMztsloPlpr3oLsn6Jn%2BRy6wsT3gEu5u%2BqMOCeI6ZL8qG2YyGmrJuEUNHUy6SyNaKi4in79uVmYyH95GfiC%2FPsN0XpW8T9axY%2BkgFwuDkqR3QTfWE3tbx1ZdosDnawovRrnC5NXeoV3ULvVJwmaI3bMo%2FkQ%2Bo4ePzy0MQuc10uI7JRsy0e7w7eeapBPwMl%2BJf6eBnjTDINkKrXXLL9%2FsB8YywxFkZGh%2BTyeW1xs7slh5pz9Lk3VSXADFl1FPVaEBmh%2B%2BXTqOv1EEtRgaevqlcHYSLKk6OZ356TR3bIrAf9WW3kUFzrujr%2FR9Qz7kpCsgq5uHaSCkIl9Dyit3oBOp1gn2mFLyjcYjHqpMwKcHqMBanwzFv4Sjh4RZL8zOLVSl6Li%2BNdWSSm597XgqfqRLPFts0kG5IOXgBtxL4CkYjgB%2Fh3IFVQKtkfpjt2Wflvqpa4IrxVWdTooi1dsZ9ZYDuBXDbukFJjNSXOy49q4vd7zReIcdNv%2Blx0V10z7%2BZx1aoaukh3wftQAbdHm7Bi%2FeTfKPzDXtN2%2F17VgudSbbRH5P%2FDiSvQ1p1sodweAR2Lc1mbuaXcpmk3bYFKa5To8pOusMP3n89UGOrEBeh7IsLd04xlaK60v3gb3%2FetQod2cEDqI4DGk9BO%2FiN1QuDiWt5PvomiyZICSIZAeC%2BhX8FfUM53ODc2bwlV1tbClhYQDM%2FhIOscsfxpMK6kGiT%2FuMv0fOOlx%2BUsAhp1d2CCHSzE2SH%2Fd4zgKcopwNoOg2XcgmnLm%2BeO8iBb78aAM6ZQtF8hapsg8U2ICD3EPFOhhzDZD3UR9Mn%2BEtlzsQe7lQzZ%2FoVNREOvAOAsUYgsu&X-Amz-SignedHeaders=host&X-Amz-Signature=220555bc37ea1e9ce35f5242a239254a174deff16edf088c3ec3cc1f88a27c4f,MHM_117,2026-09-28 11:23:49 +0000 UTC,replied,,
call,,+201099729007,,,listing,,,Noura Abo Al Naga,0,0,https://pf-eg-documents.s3.ap-southeast-1.amazonaws.com/calls/2026/09/28/89b01a2d0dd15a3ff4df4504f2893280.mp3?X-Amz-Algorithm=AWS4-HMAC-SHA256&X-Amz-Credential=ASIAZCUZQZIU4DBRS2PB%2F20260930%2Fap-southeast-1%2Fs3%2Faws4_request&X-Amz-Date=20260930T130048Z&X-Amz-Expires=604800&X-Amz-Security-Token=IQoJb3JpZ2luX2VjEJz%2F%2F%2F%2F%2F%2F%2F%2F%2F%2FwEaDmFwLXNvdXRoZWFzdC0xIkcwRQIhAJHr6v32Yr%2FYwGiXmjFjVtU9Tnwq1GzO5uz%2FZDa9kJm%2BAiAxgWRAaBFiANrVHoVItUoX4cwhiAzWfgvAcrz4ff%2B4AyrDBQhlEAAaDDYyNDE2NTk2NDMyOSIMhZhEzsBe8wugwhIWKqAFFDPcGdFG3vaQGjuBN3Xmr1WPew9fiIR881JRDFoBMFMot%2BXQIqn1kBIEpztjCRf8whicJgVVhdhWkinYo7xu8geX%2F5Ie1kAmbSZxCGVlmFh7y6nhhUI0FzpoAxNTXMxJCR8umQmKSfZO2Az2JhaF8uCBJMHlGMF0Uf8drO0QFa4hczB43OL6ms0TRoMV97yEJd7MTk%2BIyArsxlHZxwKZ1wMkN8MT6JTZuoDhw8syziB0yaY2%2BJzWCr%2FWLcreitePWEEBMf6fMM%2BUCWraJtkX6TNXa5agBnBU32LwwhXQXpMztsloPlpr3oLsn6Jn%2BRy6wsT3gEu5u%2BqMOCeI6ZL8qG2YyGmrJuEUNHUy6SyNaKi4in79uVmYyH95GfiC%2FPsN0XpW8T9axY%2BkgFwuDkqR3QTfWE3tbx1ZdosDnawovRrnC5NXeoV3ULvVJwmaI3bMo%2FkQ%2Bo4ePzy0MQuc10uI7JRsy0e7w7eeapBPwMl%2BJf6eBnjTDINkKrXXLL9%2FsB8YywxFkZGh%2BTyeW1xs7slh5pz9Lk3VSXADFl1FPVaEBmh%2B%2BXTqOv1EEtRgaevqlcHYSLKk6OZ356TR3bIrAf9WW3kUFzrujr%2FR9Qz7kpCsgq5uHaSCkIl9Dyit3oBOp1gn2mFLyjcYjHqpMwKcHqMBanwzFv4Sjh4RZL8zOLVSl6Li%2BNdWSSm597XgqfqRLPFts0kG5IOXgBtxL4CkYjgB%2Fh3IFVQKtkfpjt2Wflvqpa4IrxVWdTooi1dsZ9ZYDuBXDbukFJjNSXOy49q4vd7zReIcdNv%2Blx0V10z7%2BZx1aoaukh3wftQAbdHm7Bi%2FeTfKPzDXtN2%2F17VgudSbbRH5P%2FDiSvQ1p1sodweAR2Lc1mbuaXcpmk3bYFKa5To8pOusMP3n89UGOrEBeh7IsLd04xlaK60v3gb3%2FetQod2cEDqI4DGk9BO%2FiN1QuDiWt5PvomiyZICSIZAeC%2BhX8FfUM53ODc2bwlV1tbClhYQDM%2FhIOscsfxpMK6kGiT%2FuMv0fOOlx%2BUsAhp1d2CCHSzE2SH%2Fd4zgKcopwNoOg2XcgmnLm%2BeO8iBb78aAM6ZQtF8hapsg8U2ICD3EPFOhhzDZD3UR9Mn%2BEtlzsQe7lQzZ%2FoVNREOvAOAsUYgsu&X-Amz-SignedHeaders=host&X-Amz-Signature=f62ddcae6f20c0f7543e56218ee3bc8b9e02b7bf64ba72f9539e4d2818fad8a9,N_1292,2026-09-28 11:22:38 +0000 UTC,delivered,,
whatsapp,Nora,+17043712005,,,listing,,,Yomna Rayan,,,,N-1012,2026-09-28 11:21:30 +0000 UTC,read,,
whatsapp,Kareem El Anwar,+201023433313,,,listing,,,yasmine  Mohamed,,,,YM-382,2026-09-28 11:08:39 +0000 UTC,read,from_agent,
whatsapp,Heba,+201118371711,,,listing,,,Shrouk Yahia,,,,SY-4026,2026-09-28 11:08:33 +0000 UTC,replied,,
call,,+201066423452,,,listing,,,Nouran Mohamed,209,0,https://pf-eg-documents.s3.ap-southeast-1.amazonaws.com/calls/2026/09/28/89ba7f8f3c1129c69539ae8c6b81c07c.mp3?X-Amz-Algorithm=AWS4-HMAC-SHA256&X-Amz-Credential=ASIAZCUZQZIU4DBRS2PB%2F20260930%2Fap-southeast-1%2Fs3%2Faws4_request&X-Amz-Date=20260930T130048Z&X-Amz-Expires=604800&X-Amz-Security-Token=IQoJb3JpZ2luX2VjEJz%2F%2F%2F%2F%2F%2F%2F%2F%2F%2FwEaDmFwLXNvdXRoZWFzdC0xIkcwRQIhAJHr6v32Yr%2FYwGiXmjFjVtU9Tnwq1GzO5uz%2FZDa9kJm%2BAiAxgWRAaBFiANrVHoVItUoX4cwhiAzWfgvAcrz4ff%2B4AyrDBQhlEAAaDDYyNDE2NTk2NDMyOSIMhZhEzsBe8wugwhIWKqAFFDPcGdFG3vaQGjuBN3Xmr1WPew9fiIR881JRDFoBMFMot%2BXQIqn1kBIEpztjCRf8whicJgVVhdhWkinYo7xu8geX%2F5Ie1kAmbSZxCGVlmFh7y6nhhUI0FzpoAxNTXMxJCR8umQmKSfZO2Az2JhaF8uCBJMHlGMF0Uf8drO0QFa4hczB43OL6ms0TRoMV97yEJd7MTk%2BIyArsxlHZxwKZ1wMkN8MT6JTZuoDhw8syziB0yaY2%2BJzWCr%2FWLcreitePWEEBMf6fMM%2BUCWraJtkX6TNXa5agBnBU32LwwhXQXpMztsloPlpr3oLsn6Jn%2BRy6wsT3gEu5u%2BqMOCeI6ZL8qG2YyGmrJuEUNHUy6SyNaKi4in79uVmYyH95GfiC%2FPsN0XpW8T9axY%2BkgFwuDkqR3QTfWE3tbx1ZdosDnawovRrnC5NXeoV3ULvVJwmaI3bMo%2FkQ%2Bo4ePzy0MQuc10uI7JRsy0e7w7eeapBPwMl%2BJf6eBnjTDINkKrXXLL9%2FsB8YywxFkZGh%2BTyeW1xs7slh5pz9Lk3VSXADFl1FPVaEBmh%2B%2BXTqOv1EEtRgaevqlcHYSLKk6OZ356TR3bIrAf9WW3kUFzrujr%2FR9Qz7kpCsgq5uHaSCkIl9Dyit3oBOp1gn2mFLyjcYjHqpMwKcHqMBanwzFv4Sjh4RZL8zOLVSl6Li%2BNdWSSm597XgqfqRLPFts0kG5IOXgBtxL4CkYjgB%2Fh3IFVQKtkfpjt2Wflvqpa4IrxVWdTooi1dsZ9ZYDuBXDbukFJjNSXOy49q4vd7zReIcdNv%2Blx0V10z7%2BZx1aoaukh3wftQAbdHm7Bi%2FeTfKPzDXtN2%2F17VgudSbbRH5P%2FDiSvQ1p1sodweAR2Lc1mbuaXcpmk3bYFKa5To8pOusMP3n89UGOrEBeh7IsLd04xlaK60v3gb3%2FetQod2cEDqI4DGk9BO%2FiN1QuDiWt5PvomiyZICSIZAeC%2BhX8FfUM53ODc2bwlV1tbClhYQDM%2FhIOscsfxpMK6kGiT%2FuMv0fOOlx%2BUsAhp1d2CCHSzE2SH%2Fd4zgKcopwNoOg2XcgmnLm%2BeO8iBb78aAM6ZQtF8hapsg8U2ICD3EPFOhhzDZD3UR9Mn%2BEtlzsQe7lQzZ%2FoVNREOvAOAsUYgsu&X-Amz-SignedHeaders=host&X-Amz-Signature=38a2c6cc00ffefc550d2f4a696822672a22c01b2c6dee4cb755614f288d4c877,NM-809,2026-09-28 11:07:10 +0000 UTC,replied,from_agent,
call,,+201099729007,,,listing,,,Noura Abo Al Naga,0,0,,N_1252,2026-09-28 10:42:26 +0000 UTC,sent,,
call,,+201099729007,,,listing,,,Ahmed Askar,0,0,https://pf-eg-documents.s3.ap-southeast-1.amazonaws.com/calls/2026/09/28/37be4dba8a576e8023a858c3b3aabed0.mp3?X-Amz-Algorithm=AWS4-HMAC-SHA256&X-Amz-Credential=ASIAZCUZQZIU4DBRS2PB%2F20260930%2Fap-southeast-1%2Fs3%2Faws4_request&X-Amz-Date=20260930T130048Z&X-Amz-Expires=604800&X-Amz-Security-Token=IQoJb3JpZ2luX2VjEJz%2F%2F%2F%2F%2F%2F%2F%2F%2F%2FwEaDmFwLXNvdXRoZWFzdC0xIkcwRQIhAJHr6v32Yr%2FYwGiXmjFjVtU9Tnwq1GzO5uz%2FZDa9kJm%2BAiAxgWRAaBFiANrVHoVItUoX4cwhiAzWfgvAcrz4ff%2B4AyrDBQhlEAAaDDYyNDE2NTk2NDMyOSIMhZhEzsBe8wugwhIWKqAFFDPcGdFG3vaQGjuBN3Xmr1WPew9fiIR881JRDFoBMFMot%2BXQIqn1kBIEpztjCRf8whicJgVVhdhWkinYo7xu8geX%2F5Ie1kAmbSZxCGVlmFh7y6nhhUI0FzpoAxNTXMxJCR8umQmKSfZO2Az2JhaF8uCBJMHlGMF0Uf8drO0QFa4hczB43OL6ms0TRoMV97yEJd7MTk%2BIyArsxlHZxwKZ1wMkN8MT6JTZuoDhw8syziB0yaY2%2BJzWCr%2FWLcreitePWEEBMf6fMM%2BUCWraJtkX6TNXa5agBnBU32LwwhXQXpMztsloPlpr3oLsn6Jn%2BRy6wsT3gEu5u%2BqMOCeI6ZL8qG2YyGmrJuEUNHUy6SyNaKi4in79uVmYyH95GfiC%2FPsN0XpW8T9axY%2BkgFwuDkqR3QTfWE3tbx1ZdosDnawovRrnC5NXeoV3ULvVJwmaI3bMo%2FkQ%2Bo4ePzy0MQuc10uI7JRsy0e7w7eeapBPwMl%2BJf6eBnjTDINkKrXXLL9%2FsB8YywxFkZGh%2BTyeW1xs7slh5pz9Lk3VSXADFl1FPVaEBmh%2B%2BXTqOv1EEtRgaevqlcHYSLKk6OZ356TR3bIrAf9WW3kUFzrujr%2FR9Qz7kpCsgq5uHaSCkIl9Dyit3oBOp1gn2mFLyjcYjHqpMwKcHqMBanwzFv4Sjh4RZL8zOLVSl6Li%2BNdWSSm597XgqfqRLPFts0kG5IOXgBtxL4CkYjgB%2Fh3IFVQKtkfpjt2Wflvqpa4IrxVWdTooi1dsZ9ZYDuBXDbukFJjNSXOy49q4vd7zReIcdNv%2Blx0V10z7%2BZx1aoaukh3wftQAbdHm7Bi%2FeTfKPzDXtN2%2F17VgudSbbRH5P%2FDiSvQ1p1sodweAR2Lc1mbuaXcpmk3bYFKa5To8pOusMP3n89UGOrEBeh7IsLd04xlaK60v3gb3%2FetQod2cEDqI4DGk9BO%2FiN1QuDiWt5PvomiyZICSIZAeC%2BhX8FfUM53ODc2bwlV1tbClhYQDM%2FhIOscsfxpMK6kGiT%2FuMv0fOOlx%2BUsAhp1d2CCHSzE2SH%2Fd4zgKcopwNoOg2XcgmnLm%2BeO8iBb78aAM6ZQtF8hapsg8U2ICD3EPFOhhzDZD3UR9Mn%2BEtlzsQe7lQzZ%2FoVNREOvAOAsUYgsu&X-Amz-SignedHeaders=host&X-Amz-Signature=68a5a467a1ecba2c3ea486e4a998a19b253bd7a3b1e5d4eabf526d1cedf33663,AA-253,2026-09-28 10:38:28 +0000 UTC,delivered,,
call,,+201023433313,,,listing,,,Rehan  ElNagar,0,0,,RE_600,2026-09-28 10:21:30 +0000 UTC,sent,from_agent,
whatsapp,Dima Nabeh  Drak Alsibai,+201099729007,,,listing,,,Nouran Mohamed,,,,NM-809,2026-09-28 10:13:42 +0000 UTC,replied,,
whatsapp,Ahmed Khaled,+201111300082,,,listing,,,yasmine  Mohamed,,,,YM-343,2026-09-28 10:09:35 +0000 UTC,replied,,
whatsapp,Dima Nabeh  Drak Alsibai,+201099729007,,,listing,,,Noura Abo Al Naga,,,,N_1292,2026-09-28 10:06:03 +0000 UTC,replied,,
whatsapp,Dima Nabeh  Drak Alsibai,+201099729007,,,listing,,,Moahmed Salah,,,,MS-1127,2026-09-28 10:00:23 +0000 UTC,replied,,
whatsapp,Hany,+353872066307,,,listing,,,Donia M,,,,DM-1155,2026-09-28 09:51:42 +0000 UTC,replied,,
whatsapp,الحاج خالد,+201004599996,,,listing,,,Mahmoud Mehrezy,,,,MZM-735,2026-09-28 09:41:48 +0000 UTC,replied,,
whatsapp,Medgoo,+201031519550,,,listing,,,Nouran Mohamed,,,,NM-821,2026-09-28 09:38:40 +0000 UTC,replied,,
call,,+201004599996,,,listing,,,Mahmoud Mehrezy,0,0,https://pf-eg-documents.s3.ap-southeast-1.amazonaws.com/calls/2026/09/28/05f5edbcf64459d0aa81efe3c21f7508.mp3?X-Amz-Algorithm=AWS4-HMAC-SHA256&X-Amz-Credential=ASIAZCUZQZIU4DBRS2PB%2F20260930%2Fap-southeast-1%2Fs3%2Faws4_request&X-Amz-Date=20260930T130048Z&X-Amz-Expires=604800&X-Amz-Security-Token=IQoJb3JpZ2luX2VjEJz%2F%2F%2F%2F%2F%2F%2F%2F%2F%2FwEaDmFwLXNvdXRoZWFzdC0xIkcwRQIhAJHr6v32Yr%2FYwGiXmjFjVtU9Tnwq1GzO5uz%2FZDa9kJm%2BAiAxgWRAaBFiANrVHoVItUoX4cwhiAzWfgvAcrz4ff%2B4AyrDBQhlEAAaDDYyNDE2NTk2NDMyOSIMhZhEzsBe8wugwhIWKqAFFDPcGdFG3vaQGjuBN3Xmr1WPew9fiIR881JRDFoBMFMot%2BXQIqn1kBIEpztjCRf8whicJgVVhdhWkinYo7xu8geX%2F5Ie1kAmbSZxCGVlmFh7y6nhhUI0FzpoAxNTXMxJCR8umQmKSfZO2Az2JhaF8uCBJMHlGMF0Uf8drO0QFa4hczB43OL6ms0TRoMV97yEJd7MTk%2BIyArsxlHZxwKZ1wMkN8MT6JTZuoDhw8syziB0yaY2%2BJzWCr%2FWLcreitePWEEBMf6fMM%2BUCWraJtkX6TNXa5agBnBU32LwwhXQXpMztsloPlpr3oLsn6Jn%2BRy6wsT3gEu5u%2BqMOCeI6ZL8qG2YyGmrJuEUNHUy6SyNaKi4in79uVmYyH95GfiC%2FPsN0XpW8T9axY%2BkgFwuDkqR3QTfWE3tbx1ZdosDnawovRrnC5NXeoV3ULvVJwmaI3bMo%2FkQ%2Bo4ePzy0MQuc10uI7JRsy0e7w7eeapBPwMl%2BJf6eBnjTDINkKrXXLL9%2FsB8YywxFkZGh%2BTyeW1xs7slh5pz9Lk3VSXADFl1FPVaEBmh%2B%2BXTqOv1EEtRgaevqlcHYSLKk6OZ356TR3bIrAf9WW3kUFzrujr%2FR9Qz7kpCsgq5uHaSCkIl9Dyit3oBOp1gn2mFLyjcYjHqpMwKcHqMBanwzFv4Sjh4RZL8zOLVSl6Li%2BNdWSSm597XgqfqRLPFts0kG5IOXgBtxL4CkYjgB%2Fh3IFVQKtkfpjt2Wflvqpa4IrxVWdTooi1dsZ9ZYDuBXDbukFJjNSXOy49q4vd7zReIcdNv%2Blx0V10z7%2BZx1aoaukh3wftQAbdHm7Bi%2FeTfKPzDXtN2%2F17VgudSbbRH5P%2FDiSvQ1p1sodweAR2Lc1mbuaXcpmk3bYFKa5To8pOusMP3n89UGOrEBeh7IsLd04xlaK60v3gb3%2FetQod2cEDqI4DGk9BO%2FiN1QuDiWt5PvomiyZICSIZAeC%2BhX8FfUM53ODc2bwlV1tbClhYQDM%2FhIOscsfxpMK6kGiT%2FuMv0fOOlx%2BUsAhp1d2CCHSzE2SH%2Fd4zgKcopwNoOg2XcgmnLm%2BeO8iBb78aAM6ZQtF8hapsg8U2ICD3EPFOhhzDZD3UR9Mn%2BEtlzsQe7lQzZ%2FoVNREOvAOAsUYgsu&X-Amz-SignedHeaders=host&X-Amz-Signature=f7b2c1116f3d84408323ae06de227d84b86c27080dbb709ab5c65cb7c4f5deab,MZM-651,2026-09-28 09:37:54 +0000 UTC,delivered,,
whatsapp,اعمال,+966579605991,,,listing,,,nora  ashraf,,,,MH-3320,2026-09-28 09:09:34 +0000 UTC,read,,
whatsapp,Menard,+33652612235,,,listing,,,Donia M,,,,DM-1268,2026-09-28 09:02:44 +0000 UTC,replied,,
whatsapp,Shahat Mohamed,+201207700950,,,listing,,,nora  ashraf,,,,MY-801,2026-09-28 08:39:17 +0000 UTC,read,,
call,,+201222129107,,,listing,,,AbdulRahman Mohamed,39,0,https://pf-eg-documents.s3.ap-southeast-1.amazonaws.com/calls/2026/09/28/635717a4197dc65a0549211da18ed2c2.mp3?X-Amz-Algorithm=AWS4-HMAC-SHA256&X-Amz-Credential=ASIAZCUZQZIU4DBRS2PB%2F20260930%2Fap-southeast-1%2Fs3%2Faws4_request&X-Amz-Date=20260930T130048Z&X-Amz-Expires=604800&X-Amz-Security-Token=IQoJb3JpZ2luX2VjEJz%2F%2F%2F%2F%2F%2F%2F%2F%2F%2FwEaDmFwLXNvdXRoZWFzdC0xIkcwRQIhAJHr6v32Yr%2FYwGiXmjFjVtU9Tnwq1GzO5uz%2FZDa9kJm%2BAiAxgWRAaBFiANrVHoVItUoX4cwhiAzWfgvAcrz4ff%2B4AyrDBQhlEAAaDDYyNDE2NTk2NDMyOSIMhZhEzsBe8wugwhIWKqAFFDPcGdFG3vaQGjuBN3Xmr1WPew9fiIR881JRDFoBMFMot%2BXQIqn1kBIEpztjCRf8whicJgVVhdhWkinYo7xu8geX%2F5Ie1kAmbSZxCGVlmFh7y6nhhUI0FzpoAxNTXMxJCR8umQmKSfZO2Az2JhaF8uCBJMHlGMF0Uf8drO0QFa4hczB43OL6ms0TRoMV97yEJd7MTk%2BIyArsxlHZxwKZ1wMkN8MT6JTZuoDhw8syziB0yaY2%2BJzWCr%2FWLcreitePWEEBMf6fMM%2BUCWraJtkX6TNXa5agBnBU32LwwhXQXpMztsloPlpr3oLsn6Jn%2BRy6wsT3gEu5u%2BqMOCeI6ZL8qG2YyGmrJuEUNHUy6SyNaKi4in79uVmYyH95GfiC%2FPsN0XpW8T9axY%2BkgFwuDkqR3QTfWE3tbx1ZdosDnawovRrnC5NXeoV3ULvVJwmaI3bMo%2FkQ%2Bo4ePzy0MQuc10uI7JRsy0e7w7eeapBPwMl%2BJf6eBnjTDINkKrXXLL9%2FsB8YywxFkZGh%2BTyeW1xs7slh5pz9Lk3VSXADFl1FPVaEBmh%2B%2BXTqOv1EEtRgaevqlcHYSLKk6OZ356TR3bIrAf9WW3kUFzrujr%2FR9Qz7kpCsgq5uHaSCkIl9Dyit3oBOp1gn2mFLyjcYjHqpMwKcHqMBanwzFv4Sjh4RZL8zOLVSl6Li%2BNdWSSm597XgqfqRLPFts0kG5IOXgBtxL4CkYjgB%2Fh3IFVQKtkfpjt2Wflvqpa4IrxVWdTooi1dsZ9ZYDuBXDbukFJjNSXOy49q4vd7zReIcdNv%2Blx0V10z7%2BZx1aoaukh3wftQAbdHm7Bi%2FeTfKPzDXtN2%2F17VgudSbbRH5P%2FDiSvQ1p1sodweAR2Lc1mbuaXcpmk3bYFKa5To8pOusMP3n89UGOrEBeh7IsLd04xlaK60v3gb3%2FetQod2cEDqI4DGk9BO%2FiN1QuDiWt5PvomiyZICSIZAeC%2BhX8FfUM53ODc2bwlV1tbClhYQDM%2FhIOscsfxpMK6kGiT%2FuMv0fOOlx%2BUsAhp1d2CCHSzE2SH%2Fd4zgKcopwNoOg2XcgmnLm%2BeO8iBb78aAM6ZQtF8hapsg8U2ICD3EPFOhhzDZD3UR9Mn%2BEtlzsQe7lQzZ%2FoVNREOvAOAsUYgsu&X-Amz-SignedHeaders=host&X-Amz-Signature=14ad9a29c3f644d44b41bbb63fd16716cdebdd5b59f0cb64d0da4298753934b2,ABM-178,2026-09-28 08:14:44 +0000 UTC,replied,,
whatsapp,Nobody💃🏽,+201007618173,,,listing,,,yasmine  Mohamed,,,,YM-178,2026-09-28 07:48:10 +0000 UTC,read,,
whatsapp,Nada El Azm,+201001008689,,,listing,,,Noha shabaan,,,,NS-788,2026-09-28 07:18:07 +0000 UTC,delivered,,
whatsapp,Amira,+201224138898,,,listing,,,AbdulRahman Mohamed,,,,ABM-176,2026-09-28 06:33:26 +0000 UTC,delivered,,
whatsapp,Sunena,+918714839551,,,listing,,,nora  ashraf,,,,MHM104,2026-09-28 06:27:26 +0000 UTC,read,,
whatsapp,Shima Younis,+201092818316,,,listing,,,Anan Magdy,,,,AM -  569,2026-09-28 06:26:42 +0000 UTC,delivered,,
whatsapp,Sunena,+918714839551,,,listing,,,Noura Abo Al Naga,,,,N_1279,2026-09-28 06:24:47 +0000 UTC,replied,,
whatsapp,Dannyah Toukhy,+972542644199,,,listing,,,Mohamed Megahed,,,,MZ-664,2026-09-28 06:03:58 +0000 UTC,read,,
whatsapp,Dannyah Toukhy,+972542644199,,,listing,,,Noha shabaan,,,,NS-820,2026-09-28 05:57:39 +0000 UTC,delivered,,
whatsapp,Mohamed Emam,+201025440231,,,listing,,,Hossam Hassan,,,,HF-009,2026-09-28 04:35:08 +0000 UTC,replied,,
whatsapp,كريم ت,+201040654451,,,listing,,,Hossam Hassan,,,,HF-181,2026-09-28 04:00:38 +0000 UTC,replied,,
whatsapp,كريم ت,+201040654451,,,listing,,,Menna Hesham,,,,MHF_121,2026-09-28 03:55:25 +0000 UTC,replied,,
whatsapp,Ehab Sabry,+201097742116,,,listing,,,yasmine  Mohamed,,,,YM-181,2026-09-28 01:23:11 +0000 UTC,read,,
whatsapp,Ehab Sabry,+201097742116,,,listing,,,Noha shabaan,,,,NS-793,2026-09-28 01:22:12 +0000 UTC,delivered,,
whatsapp,Mina,+201140001144,,,listing,,,Donia M,,,,DM-1267,2026-09-28 00:35:01 +0000 UTC,replied,,
whatsapp,شركة  miza alfred,+201003247179,,Mizaalfred,listing,,,Mahmoud Mehrezy,,,,MZM-512,2026-09-27 23:32:21 +0000 UTC,replied,from_agent,
whatsapp,Hajar Imam,+201094533487,,,listing,,,Mohamed Megahed,,,,MZ-722,2026-09-27 23:25:02 +0000 UTC,read,,
whatsapp,شركة  miza alfred,+201003247179,,Mizaalfred,listing,,,Shrouk Yahia,,,,SY-3074,2026-09-27 23:08:32 +0000 UTC,replied,from_agent,
whatsapp,شركة  miza alfred,+201003247179,,Mizaalfred,listing,,,Donia M,,,,DM-1230,2026-09-27 23:07:20 +0000 UTC,replied,from_agent,
whatsapp,شركة  miza alfred,+201003247179,,Mizaalfred,listing,,,Mahmoud Mehrezy,,,,MZM-738,2026-09-27 23:02:18 +0000 UTC,read,from_agent,
whatsapp,rashagamal50001,+201099222852,,,listing,,,Menna Hesham,,,,MHF_121,2026-09-27 21:28:55 +0000 UTC,replied,,
whatsapp,rashagamal50001,+201099222852,,,listing,,,Ahmed Askar,,,,AA-254,2026-09-27 21:13:22 +0000 UTC,replied,,
whatsapp,يارب,+201112369866,,,listing,,,Mahmoud Mehrezy,,,,MZM-608,2026-09-27 21:11:12 +0000 UTC,read,,